star_rating,title,content_rating,genre,duration,actors_list
8.0,freaks,UNRATED,Drama,64,"[u'Wallace Ford', u'Leila Hyams', u'Olga Baclanova']"
8.0,battleship potemkin,UNRATED,History,66,"[u'Aleksandr Antonov', u'Vladimir Barsky', u'Grigori Aleksandrov']"
8.1,the cabinet of dr. caligari,UNRATED,Crime,67,"[u'Werner Krauss', u'Conrad Veidt', u'Friedrich Feher']"
8.1,duck soup,PASSED,Comedy,68,"[u'Groucho Marx', u'Harpo Marx', u'Chico Marx']"
8.4,the kid,NOT RATED,Comedy,68,"[u'Charles Chaplin', u'Edna Purviance', u'Jackie Coogan']"
7.6,following,R,Mystery,69,"[u'Jeremy Theobald', u'Alex Haw', u'Lucy Russell']"
8.0,frankenstein,UNRATED,Horror,70,"[u'Colin Clive', u'Mae Clarke', u'Boris Karloff']"
7.4,alice in wonderland,G,Animation,75,"[u'Kathryn Beaumont', u'Ed Wynn', u'Richard Haydn']"
7.9,the bride of frankenstein,NOT RATED,Horror,75,"[u'Boris Karloff', u'Elsa Lanchester', u'Colin Clive']"
8.0,the nightmare before christmas,PG,Animation,76,"[u'Danny Elfman', u'Chris Sarandon', u""Catherine O'Hara""]"
7.6,the jungle book,APPROVED,Animation,78,"[u'Phil Harris', u'Sebastian Cabot', u'Louis Prima']"
7.5,[rec],R,Horror,78,"[u'Manuela Velasco', u'Ferran Terraza', u'Jorge-Yamam Serrano']"
7.8,the triplets of belleville,PG-13,Animation,78,"[u'Mich\xe8le Caucheteux', u'Jean-Claude Donda', u'Michel Robin']"
7.8,zelig,PG,Comedy,79,"[u'Woody Allen', u'Mia Farrow', u'Patrick Horgan']"
7.8,invasion of the body snatchers,APPROVED,Horror,80,"[u'Kevin McCarthy', u'Dana Wynter', u'Larry Gates']"
7.5,l'illusionniste,PG,Animation,80,"[u'Jean-Claude Donda', u'Eilidh Rankin', u'Duncan MacNeil']"
7.8,run lola run,R,Action,80,"[u'Franka Potente', u'Moritz Bleibtreu', u'Herbert Knaup']"
8.1,before sunset,R,Drama,80,"[u'Ethan Hawke', u'Julie Delpy', u'Vernon Dobtcheff']"
8.0,rope,PG,Crime,80,"[u'James Stewart', u'John Dall', u'Farley Granger']"
7.7,the dinner game,PG-13,Comedy,80,"[u'Thierry Lhermitte', u'Jacques Villeret', u'Francis Huster']"
8.3,toy story,G,Animation,81,"[u'Tom Hanks', u'Tim Allen', u'Don Rickles']"
7.8,south park: bigger longer & uncut,R,Animation,81,"[u'Trey Parker', u'Matt Stone', u'Mary Kay Bergman']"
7.6,army of darkness,R,Comedy,81,"[u'Bruce Campbell', u'Embeth Davidtz', u'Marcus Gilbert']"
7.6,ice age,PG,Animation,81,"[u'Denis Leary', u'John Leguizamo', u'Ray Romano']"
8.0,nosferatu,UNRATED,Horror,81,"[u'Max Schreck', u'Greta Schr\xf6der', u'Ruth Landshoff']"
7.7,the purple rose of cairo,PG,Comedy,82,"[u'Mia Farrow', u'Jeff Daniels', u'Danny Aiello']"
8.0,this is spinal tap,R,Comedy,82,"[u'Rob Reiner', u'Michael McKean', u'Christopher Guest']"
8.2,persona,NOT RATED,Drama,83,"[u'Bibi Andersson', u'Liv Ullmann', u'Margaretha Krook']"
7.6,robin hood,G,Animation,83,"[u'Brian Bedford', u'Phil Harris', u'Roger Miller']"
7.6,the little mermaid,G,Animation,83,"[u'Jodi Benson', u'Samuel E. Wright', u'Rene Auberjonois']"
8.0,ghost in the shell,NOT RATED,Animation,83,"[u'Atsuko Tanaka', u'Iemasa Kayumi', u'Akio \xd4tsuka']"
7.5,the texas chain saw massacre,R,Horror,83,"[u'Marilyn Burns', u'Edwin Neal', u'Allen Danziger']"
7.5,pi,R,Drama,84,"[u'Sean Gullette', u'Mark Margolis', u'Ben Shenkman']"
8.1,beauty and the beast,G,Animation,84,"[u""Paige O'Hara"", u'Robby Benson', u'Richard White']"
7.8,evil dead ii,X,Comedy,84,"[u'Bruce Campbell', u'Sarah Berry', u'Dan Hicks']"
7.5,fruitvale station,R,Biography,85,"[u'Michael B. Jordan', u'Melonie Diaz', u'Octavia Spencer']"
7.9,once,R,Drama,85,"[u'Glen Hansard', u'Mark\xe9ta Irglov\xe1', u'Hugh Walsh']"
7.6,dracula,APPROVED,Horror,85,"[u'Bela Lugosi', u'Helen Chandler', u'David Manners']"
7.6,the evil dead,NC-17,Horror,85,"[u'Bruce Campbell', u'Ellen Sandweiss', u'Richard DeManincor']"
7.6,the curse of the were-rabbit,G,Animation,85,"[u'Peter Sallis', u'Helena Bonham Carter', u'Ralph Fiennes']"
7.6,the naked gun: from the files of police squad!,PG-13,Comedy,85,"[u'Leslie Nielsen', u'Priscilla Presley', u'O.J. Simpson']"
7.7,the muppet christmas carol,G,Comedy,85,"[u'Michael Caine', u'Dave Goelz', u'Steve Whitmire']"
8.1,high noon,PG,Western,85,"[u'Gary Cooper', u'Grace Kelly', u'Thomas Mitchell']"
8.1,the killing,APPROVED,Crime,85,"[u'Sterling Hayden', u'Coleen Gray', u'Vince Edwards']"
8.0,the iron giant,PG,Animation,86,"[u'Eli Marienthal', u'Harry Connick Jr.', u'Jennifer Aniston']"
7.4,frances ha,R,Comedy,86,"[u'Greta Gerwig', u'Mickey Sumner', u'Adam Driver']"
7.9,the 39 steps,UNRATED,Mystery,86,"[u'Robert Donat', u'Madeleine Carroll', u'Lucie Mannheim']"
8.3,my neighbor totoro,G,Animation,86,"[u'Hitoshi Takagi', u'Noriko Hidaka', u'Chika Sakamoto']"
7.7,a hard day's night,APPROVED,Comedy,87,"[u'John Lennon', u'Paul McCartney', u'George Harrison']"
8.6,modern times,G,Comedy,87,"[u'Charles Chaplin', u'Paulette Goddard', u'Henry Bergman']"
8.6,city lights,PASSED,Comedy,87,"[u'Charles Chaplin', u'Virginia Cherrill', u'Florence Lee']"
7.4,the simpsons movie,PG-13,Animation,87,"[u'Dan Castellaneta', u'Julie Kavner', u'Nancy Cartwright']"
7.8,fantastic mr. fox,PG,Animation,87,"[u'George Clooney', u'Meryl Streep', u'Bill Murray']"
8.4,rashomon,UNRATED,Crime,88,"[u'Toshir\xf4 Mifune', u'Machiko Ky\xf4', u'Masayuki Mori']"
7.7,zombieland,R,Comedy,88,"[u'Jesse Eisenberg', u'Emma Stone', u'Woody Harrelson']"
7.5,pinocchio,APPROVED,Animation,88,"[u'Dickie Jones', u'Christian Rub', u'Mel Blanc']"
8.5,paths of glory,APPROVED,Drama,88,"[u'Kirk Douglas', u'Ralph Meeker', u'Adolphe Menjou']"
7.7,the producers,PG,Comedy,88,"[u'Zero Mostel', u'Gene Wilder', u'Dick Shawn']"
8.1,3-iron,R,Crime,88,"[u'Seung-yeon Lee', u'Hyun-kyoon Lee', u'Hyuk-ho Kwon']"
7.5,mulan,G,Animation,88,"[u'Ming-Na Wen', u'Eddie Murphy', u'BD Wong']"
7.8,airplane!,PG,Comedy,88,"[u'Robert Hays', u'Julie Hagerty', u'Leslie Nielsen']"
7.7,the wicker man,R,Horror,88,"[u'Edward Woodward', u'Christopher Lee', u'Diane Cilento']"
8.1,laura,APPROVED,Film-Noir,88,"[u'Gene Tierney', u'Dana Andrews', u'Clifton Webb']"
7.7,snow white and the seven dwarfs,APPROVED,Animation,88,"[u'Adriana Caselotti', u'Harry Stockwell', u'Lucille La Verne']"
7.8,office space,R,Comedy,89,"[u'Ron Livingston', u'Jennifer Aniston', u'David Herman']"
7.7,show me love,UNRATED,Comedy,89,"[u'Alexandra Dahlstr\xf6m', u'Rebecka Liljeberg', u'Erica Carlson']"
8.5,the lion king,G,Animation,89,"[u'Matthew Broderick', u'Jeremy Irons', u'James Earl Jones']"
7.6,tucker and dale vs. evil,R,Comedy,89,"[u'Tyler Labine', u'Alan Tudyk', u'Katrina Bowden']"
7.7,the station agent,R,Comedy,89,"[u'Peter Dinklage', u'Patricia Clarkson', u'Bobby Cannavale']"
8.5,grave of the fireflies,UNRATED,Animation,89,"[u'Tsutomu Tatsumi', u'Ayano Shiraishi', u'Akemi Yamaguchi']"
7.4,eraserhead,UNRATED,Drama,89,"[u'Jack Nance', u'Charlotte Stewart', u'Allen Joseph']"
8.1,stand by me,R,Adventure,89,"[u'Wil Wheaton', u'River Phoenix', u'Corey Feldman']"
7.9,shrek,PG,Animation,90,"[u'Mike Myers', u'Eddie Murphy', u'Cameron Diaz']"
7.4,death at a funeral,R,Comedy,90,"[u'Matthew Macfadyen', u'Peter Dinklage', u'Ewen Bremner']"
7.7,paprika,R,Animation,90,"[u'Megumi Hayashibara', u'T\xf4ru Emori', u'Katsunosuke Hori']"
7.7,flipped,PG,Comedy,90,"[u'Madeline Carroll', u'Callan McAuliffe', u'Rebecca De Mornay']"
8.0,aladdin,G,Animation,90,"[u'Scott Weinger', u'Robin Williams', u'Linda Larkin']"
7.5,best in show,PG-13,Comedy,90,"[u'Fred Willard', u'Eugene Levy', u""Catherine O'Hara""]"
8.0,breathless,UNRATED,Crime,90,"[u'Jean-Paul Belmondo', u'Jean Seberg', u'Daniel Boulanger']"
7.9,halloween,R,Drama,91,"[u'Donald Pleasence', u'Jamie Lee Curtis', u'Tony Moran']"
8.3,wild strawberries,UNRATED,Drama,91,"[u'Victor Sj\xf6str\xf6m', u'Bibi Andersson', u'Ingrid Thulin']"
8.3,monty python and the holy grail,PG,Adventure,91,"[u'Graham Chapman', u'John Cleese', u'Eric Idle']"
7.5,a nightmare on elm street,R,Horror,91,"[u'Heather Langenkamp', u'Johnny Depp', u'Robert Englund']"
7.9,gravity,PG-13,Sci-Fi,91,"[u'Sandra Bullock', u'George Clooney', u'Ed Harris']"
7.7,three colors: white,R,Comedy,91,"[u'Zbigniew Zamachowski', u'Julie Delpy', u'Janusz Gajos']"
8.1,harold and maude,GP,Comedy,91,"[u'Ruth Gordon', u'Bud Cort', u'Vivian Pickles']"
7.9,toy story 2,G,Animation,92,"[u'Tom Hanks', u'Tim Allen', u'Joan Cusack']"
7.6,thank you for smoking,R,Comedy,92,"[u'Aaron Eckhart', u'Cameron Bright', u'Maria Bello']"
7.6,kung fu panda,PG,Animation,92,"[u'Jack Black', u'Ian McShane', u'Angelina Jolie']"
7.7,the warriors,R,Action,92,"[u'Michael Beck', u'James Remar', u'Dorsey Wright']"
8.2,mary and max,NOT RATED,Animation,92,"[u'Toni Collette', u'Philip Seymour Hoffman', u'Eric Bana']"
7.4,beetlejuice,PG,Comedy,92,"[u'Alec Baldwin', u'Geena Davis', u'Michael Keaton']"
8.1,the night of the hunter,APPROVED,Crime,92,"[u'Robert Mitchum', u'Shelley Winters', u'Lillian Gish']"
7.8,the day the earth stood still,APPROVED,Sci-Fi,92,"[u'Michael Rennie', u'Patricia Neal', u'Hugh Marlowe']"
7.5,suspiria,X,Horror,92,"[u'Jessica Harper', u'Stefania Casini', u'Flavio Bucci']"
8.1,"monsters, inc.",G,Animation,92,"[u'Billy Crystal', u'John Goodman', u'Mary Gibbs']"
7.5,notes on a scandal,R,Drama,92,"[u'Cate Blanchett', u'Judi Dench', u'Andrew Simpson']"
8.1,his girl friday,APPROVED,Comedy,92,"[u'Cary Grant', u'Rosalind Russell', u'Ralph Bellamy']"
7.9,clerks,R,Comedy,92,"[u""Brian O'Halloran"", u'Jeff Anderson', u'Marilyn Ghigliotti']"
8.3,the third man,NOT RATED,Film-Noir,93,"[u'Orson Welles', u'Joseph Cotten', u'Alida Valli']"
7.8,blazing saddles,R,Comedy,93,"[u'Cleavon Little', u'Gene Wilder', u'Slim Pickens']"
7.5,"good night, and good luck.",PG,Drama,93,"[u'David Strathairn', u'George Clooney', u'Patricia Clarkson']"
7.7,rushmore,R,Comedy,93,"[u'Jason Schwartzman', u'Bill Murray', u'Olivia Williams']"
8.1,annie hall,PG,Comedy,93,"[u'Woody Allen', u'Diane Keaton', u'Tony Roberts']"
7.9,taken,PG-13,Action,93,"[u'Liam Neeson', u'Maggie Grace', u'Famke Janssen']"
7.7,first blood,R,Action,93,"[u'Sylvester Stallone', u'Brian Dennehy', u'Richard Crenna']"
7.6,"planes, trains & automobiles",R,Comedy,93,"[u'Steve Martin', u'John Candy', u'Laila Robins']"
8.2,hachi: a dog's tale,G,Drama,93,"[u'Richard Gere', u'Joan Allen', u'Cary-Hiroyuki Tagawa']"
7.6,keith,PG-13,Drama,93,"[u'Elisabeth Harnois', u'Jesse McCartney', u'Margo Harshman']"
8.4,bicycle thieves,NOT RATED,Drama,93,"[u'Lamberto Maggiorani', u'Enzo Staiola', u'Lianella Carell']"
7.5,source code,PG-13,Mystery,93,"[u'Jake Gyllenhaal', u'Michelle Monaghan', u'Vera Farmiga']"
7.7,love me if you dare,R,Comedy,93,"[u'Guillaume Canet', u'Marion Cotillard', u'Thibault Verhaeghe']"
8.0,"aguirre, the wrath of god",NOT RATED,Adventure,93,"[u'Klaus Kinski', u'Ruy Guerra', u'Helena Rojo']"
7.7,the secret world of arrietty,G,Animation,94,"[u'Bridgit Mendler', u'Amy Poehler', u'Will Arnett']"
8.0,days of heaven,PG,Drama,94,"[u'Richard Gere', u'Brooke Adams', u'Sam Shepard']"
7.9,adam's apples,R,Comedy,94,"[u'Ulrich Thomsen', u'Mads Mikkelsen', u'Nicolas Bro']"
7.6,mad max 2: the road warrior,R,Action,94,"[u'Mel Gibson', u'Bruce Spence', u'Michael Preston']"
7.6,127 hours,R,Adventure,94,"[u'James Franco', u'Amber Tamblyn', u'Kate Mara']"
7.7,midnight in paris,PG-13,Comedy,94,"[u'Owen Wilson', u'Rachel McAdams', u'Kathy Bates']"
7.4,raising arizona,PG-13,Comedy,94,"[u'Nicolas Cage', u'Holly Hunter', u'Trey Wilson']"
8.2,trainspotting,R,Drama,94,"[u'Ewan McGregor', u'Ewen Bremner', u'Jonny Lee Miller']"
7.9,badlands,PG,Crime,94,"[u'Martin Sheen', u'Sissy Spacek', u'Warren Oates']"
8.2,life of brian,R,Comedy,94,"[u'Graham Chapman', u'John Cleese', u'Michael Palin']"
8.1,a christmas story,PG,Comedy,94,"[u'Peter Billingsley', u'Melinda Dillon', u'Darren McGavin']"
7.8,moonrise kingdom,PG-13,Adventure,94,"[u'Jared Gilman', u'Kara Hayward', u'Bruce Willis']"
7.8,the boy in the striped pajamas,PG-13,Drama,94,"[u'Asa Butterfield', u'David Thewlis', u'Rupert Friend']"
7.8,porco rosso,PG,Animation,94,"[u'Sh\xfbichir\xf4 Moriyama', u'Tokiko Kat\xf4', u'Sanshi Katsura']"
7.6,man bites dog,NC-17,Comedy,95,"[u'Beno\xeet Poelvoorde', u'Jacqueline Poelvoorde-Pappaert', u'Nelly Pappaert']"
8.2,touch of evil,PG-13,Crime,95,"[u'Charlton Heston', u'Orson Welles', u'Janet Leigh']"
8.3,the gold rush,NOT RATED,Adventure,95,"[u'Charles Chaplin', u'Mack Swain', u'Tom Murray']"
8.5,dr. strangelove or: how i learned to stop worrying and love the bomb,PG,Comedy,95,"[u'Peter Sellers', u'George C. Scott', u'Sterling Hayden']"
7.8,(500) days of summer,PG-13,Comedy,95,"[u'Zooey Deschanel', u'Joseph Gordon-Levitt', u'Geoffrey Arend']"
8.0,pink floyd the wall,R,Animation,95,"[u'Bob Geldof', u'Christine Hargreaves', u'James Laurenson']"
7.7,despicable me,PG,Animation,95,"[u'Steve Carell', u'Jason Segel', u'Russell Brand']"
8.0,manhattan,R,Comedy,96,"[u'Woody Allen', u'Diane Keaton', u'Mariel Hemingway']"
7.9,stagecoach,NOT RATED,Adventure,96,"[u'John Wayne', u'Claire Trevor', u'Andy Devine']"
7.9,miracle on 34th street,APPROVED,Comedy,96,"[u'Edmund Gwenn', u""Maureen O'Hara"", u'John Payne']"
7.5,the fly,R,Horror,96,"[u'Jeff Goldblum', u'Geena Davis', u'John Getz']"
7.6,hunger,NOT RATED,Biography,96,"[u'Stuart Graham', u'Laine Megaw', u'Brian Milligan']"
7.6,juno,PG-13,Comedy,96,"[u'Ellen Page', u'Michael Cera', u'Jennifer Garner']"
8.0,the lady vanishes,PASSED,Comedy,96,"[u'Margaret Lockwood', u'Michael Redgrave', u'Paul Lukas']"
7.6,when harry met sally...,R,Comedy,96,"[u'Billy Crystal', u'Meg Ryan', u'Carrie Fisher']"
8.0,night of the living dead,UNRATED,Horror,96,"[u'Duane Jones', u""Judith O'Dea"", u'Karl Hardman']"
7.5,a history of violence,R,Crime,96,"[u'Viggo Mortensen', u'Maria Bello', u'Ed Harris']"
8.9,12 angry men,NOT RATED,Drama,96,"[u'Henry Fonda', u'Lee J. Cobb', u'Martin Balsam']"
8.3,the seventh seal,NOT RATED,Drama,96,"[u'Max von Sydow', u'Gunnar Bj\xf6rnstrand', u'Bengt Ekerot']"
8.3,up,PG,Animation,96,"[u'Edward Asner', u'Jordan Nagai', u'John Ratzenberger']"
8.0,short term 12,R,Drama,96,"[u'Brie Larson', u'Frantz Turner', u'John Gallagher Jr.']"
7.4,deconstructing harry,R,Comedy,96,"[u'Woody Allen', u'Judy Davis', u'Julia Louis-Dreyfus']"
8.0,persepolis,PG-13,Animation,96,"[u'Chiara Mastroianni', u'Catherine Deneuve', u'Gena Rowlands']"
7.6,an american werewolf in london,R,Comedy,97,"[u'David Naughton', u'Jenny Agutter', u'Joe Belcher']"
7.5,clerks ii,R,Comedy,97,"[u""Brian O'Halloran"", u'Jeff Anderson', u'Rosario Dawson']"
7.7,after hours,R,Comedy,97,"[u'Griffin Dunne', u'Rosanna Arquette', u'Verna Bloom']"
7.9,the breakfast club,R,Comedy,97,"[u'Emilio Estevez', u'Judd Nelson', u'Molly Ringwald']"
7.5,menace ii society,R,Crime,97,"[u'Tyrin Turner', u'Larenz Tate', u'June Kyoto Lu']"
7.4,predestination,R,Drama,97,"[u'Ethan Hawke', u'Sarah Snook', u'Noah Taylor']"
7.9,the chorus,PG-13,Drama,97,"[u'G\xe9rard Jugnot', u'Fran\xe7ois Berl\xe9and', u'Jean-Baptiste Maunier']"
7.4,the bucket list,PG-13,Adventure,97,"[u'Jack Nicholson', u'Morgan Freeman', u'Sean Hayes']"
8.0,moon,R,Drama,97,"[u'Sam Rockwell', u'Kevin Spacey', u'Dominique McElligott']"
7.6,christmas vacation,PG-13,Comedy,97,"[u'Chevy Chase', u""Beverly D'Angelo"", u'Juliette Lewis']"
7.6,the counterfeiters,R,Crime,98,"[u'Karl Markovics', u'August Diehl', u'Devid Striesow']"
8.0,three colors: blue,R,Drama,98,"[u'Juliette Binoche', u'Zbigniew Zamachowski', u'Julie Delpy']"
7.7,detachment,NOT RATED,Drama,98,"[u'Adrien Brody', u'Christina Hendricks', u'Marcia Gay Harden']"
8.1,chungking express,PG-13,Drama,98,"[u'Brigitte Lin', u'Takeshi Kaneshiro', u'Tony Chiu Wai Leung']"
7.5,despicable me 2,PG,Animation,98,"[u'Steve Carell', u'Kristen Wiig', u'Benjamin Bratt']"
8.1,la haine,NOT RATED,Crime,98,"[u'Vincent Cassel', u'Hubert Kound\xe9', u'Sa\xefd Taghmaoui']"
7.5,bullets over broadway,R,Comedy,98,"[u'John Cusack', u'Dianne Wiest', u'Jennifer Tilly']"
7.4,national lampoon's vacation,R,Comedy,98,"[u'Chevy Chase', u""Beverly D'Angelo"", u'Imogene Coca']"
8.0,no man's land,R,Drama,98,"[u'Branko Djuric', u'Rene Bitorajac', u'Filip Sovagovic']"
8.4,wall-e,G,Animation,98,"[u'Ben Burtt', u'Elissa Knight', u'Jeff Garlin']"
7.6,the damned united,R,Biography,98,"[u'Colm Meaney', u'Henry Goodman', u'David Roper']"
7.7,forbidden planet,PASSED,Action,98,"[u'Walter Pidgeon', u'Anne Francis', u'Leslie Nielsen']"
8.2,the princess bride,PG,Adventure,98,"[u'Cary Elwes', u'Mandy Patinkin', u'Robin Wright']"
8.2,fargo,R,Crime,98,"[u'William H. Macy', u'Frances McDormand', u'Steve Buscemi']"
8.1,in the mood for love,PG,Drama,98,"[u'Tony Chiu Wai Leung', u'Maggie Cheung', u'Ping Lam Siu']"
7.7,philomena,PG-13,Biography,98,"[u'Judi Dench', u'Steve Coogan', u'Sophie Kennedy Clark']"
8.2,how to train your dragon,PG,Animation,98,"[u'Jay Baruchel', u'Gerard Butler', u'Christopher Mintz-Plasse']"
7.9,toki o kakeru shojo,NOT RATED,Animation,98,"[u'Riisa Naka', u'Takuya Ishida', u'Mitsutaka Itakura']"
8.0,shaun of the dead,R,Comedy,99,"[u'Simon Pegg', u'Nick Frost', u'Kate Ashfield']"
7.6,a single man,R,Drama,99,"[u'Colin Firth', u'Julianne Moore', u'Matthew Goode']"
8.4,m,NOT RATED,Crime,99,"[u'Peter Lorre', u'Ellen Widmann', u'Inge Landgut']"
7.8,kung fu hustle,R,Action,99,"[u'Stephen Chow', u'Wah Yuen', u'Qiu Yuen']"
7.9,ying xiong,PG-13,Action,99,"[u'Jet Li', u'Tony Chiu Wai Leung', u'Maggie Cheung']"
7.4,driving miss daisy,PG,Comedy,99,"[u'Morgan Freeman', u'Jessica Tandy', u'Dan Aykroyd']"
7.5,heavenly creatures,R,Biography,99,"[u'Melanie Lynskey', u'Kate Winslet', u'Sarah Peirse']"
7.7,delicatessen,R,Comedy,99,"[u'Marie-Laure Dougnac', u'Dominique Pinon', u'Pascal Benezech']"
7.7,blood simple.,R,Crime,99,"[u'John Getz', u'Frances McDormand', u'Dan Hedaya']"
7.6,the party,PG,Comedy,99,"[u'Peter Sellers', u'Claudine Longet', u'Natalia Borisova']"
8.1,three colors: red,R,Drama,99,"[u'Ir\xe8ne Jacob', u'Jean-Louis Trintignant', u'Fr\xe9d\xe9rique Feder']"
8.1,a fistful of dollars,R,Action,99,"[u'Clint Eastwood', u'Gian Maria Volont\xe9', u'Marianne Koch']"
8.4,reservoir dogs,R,Crime,99,"[u'Harvey Keitel', u'Tim Roth', u'Michael Madsen']"
8.2,the 400 blows,NOT RATED,Crime,99,"[u'Jean-Pierre L\xe9aud', u'Albert R\xe9my', u'Claire Maurier']"
8.1,the grand budapest hotel,R,Adventure,99,"[u'Ralph Fiennes', u'F. Murray Abraham', u'Mathieu Amalric']"
7.8,willy wonka & the chocolate factory,G,Family,100,"[u'Gene Wilder', u'Jack Albertson', u'Peter Ostrum']"
7.8,the lego movie,PG,Animation,100,"[u'Chris Pratt', u'Will Ferrell', u'Elizabeth Banks']"
8.0,the artist,PG-13,Comedy,100,"[u'Jean Dujardin', u'B\xe9r\xe9nice Bejo', u'John Goodman']"
7.6,hodejegerne,R,Crime,100,"[u'Aksel Hennie', u'Synn\xf8ve Macody Lund', u'Nikolaj Coster-Waldau']"
7.7,50/50,R,Comedy,100,"[u'Joseph Gordon-Levitt', u'Seth Rogen', u'Anna Kendrick']"
7.8,dark city,R,Mystery,100,"[u'Rufus Sewell', u'Kiefer Sutherland', u'Jennifer Connelly']"
7.7,coraline,PG,Animation,100,"[u'Dakota Fanning', u'Teri Hatcher', u'John Hodgman']"
8.0,king kong,UNRATED,Adventure,100,"[u'Fay Wray', u'Robert Armstrong', u'Bruce Cabot']"
7.9,glengarry glen ross,R,Drama,100,"[u'Al Pacino', u'Jack Lemmon', u'Alec Baldwin']"
7.8,drive,R,Crime,100,"[u'Ryan Gosling', u'Carey Mulligan', u'Bryan Cranston']"
8.2,finding nemo,G,Animation,100,"[u'Albert Brooks', u'Ellen DeGeneres', u'Alexander Gould']"
8.2,the maltese falcon,NOT RATED,Crime,100,"[u'Humphrey Bogart', u'Mary Astor', u'Gladys George']"
7.5,say anything...,PG-13,Comedy,100,"[u'John Cusack', u'Ione Skye', u'John Mahoney']"
7.8,tangled,PG,Animation,100,"[u'Mandy Moore', u'Zachary Levi', u'Donna Murphy']"
7.9,key largo,UNRATED,Crime,100,"[u'Humphrey Bogart', u'Edward G. Robinson', u'Lauren Bacall']"
7.7,eastern promises,R,Crime,100,"[u'Naomi Watts', u'Viggo Mortensen', u'Armin Mueller-Stahl']"
7.8,the hangover,R,Comedy,100,"[u'Zach Galifianakis', u'Bradley Cooper', u'Justin Bartha']"
7.7,ponyo,G,Animation,101,"[u'Cate Blanchett', u'Matt Damon', u'Liam Neeson']"
7.9,little miss sunshine,R,Adventure,101,"[u'Steve Carell', u'Toni Collette', u'Greg Kinnear']"
8.1,strangers on a train,APPROVED,Crime,101,"[u'Farley Granger', u'Robert Walker', u'Ruth Roman']"
7.7,the machinist,R,Drama,101,"[u'Christian Bale', u'Jennifer Jason Leigh', u'Aitana S\xe1nchez-Gij\xf3n']"
7.5,still alice,PG-13,Drama,101,"[u'Julianne Moore', u'Alec Baldwin', u'Kristen Stewart']"
8.1,notorious,APPROVED,Drama,101,"[u'Cary Grant', u'Ingrid Bergman', u'Claude Rains']"
8.1,infernal affairs,R,Crime,101,"[u'Andy Lau', u'Tony Chiu Wai Leung', u'Anthony Chau-Sang Wong']"
7.5,american splendor,R,Biography,101,"[u'Paul Giamatti', u'Shari Springer Berman', u'Harvey Pekar']"
7.8,the sandlot,PG,Comedy,101,"[u'Tom Guiry', u'Mike Vitar', u'Patrick Renna']"
8.1,groundhog day,PG,Comedy,101,"[u'Bill Murray', u'Andie MacDowell', u'Chris Elliott']"
7.9,all about my mother,R,Drama,101,"[u'Cecilia Roth', u'Marisa Paredes', u'Candela Pe\xf1a']"
7.6,the raid: redemption,R,Action,101,"[u'Iko Uwais', u'Ananda George', u'Ray Sahetapy']"
7.8,wreck-it ralph,PG,Animation,101,"[u'John C. Reilly', u'Jack McBrayer', u'Jane Lynch']"
7.7,whale rider,PG-13,Drama,101,"[u'Keisha Castle-Hughes', u'Rawiri Paratene', u'Vicky Haughton']"
7.8,lost in translation,R,Drama,101,"[u'Bill Murray', u'Scarlett Johansson', u'Giovanni Ribisi']"
7.4,labyrinth,PG,Adventure,101,"[u'David Bowie', u'Jennifer Connelly', u'Toby Froud']"
8.1,le samourai,PG,Crime,101,"[u'Alain Delon', u'Nathalie Delon', u'Fran\xe7ois P\xe9rier']"
7.5,maria full of grace,R,Crime,101,"[u'Catalina Sandino Moreno', u'Guilied Lopez', u'Orlando Tob\xf3n']"
7.8,belle de jour,APPROVED,Drama,101,"[u'Catherine Deneuve', u'Jean Sorel', u'Michel Piccoli']"
7.7,this is england,UNRATED,Crime,101,"[u'Thomas Turgoose', u'Stephen Graham', u'Jo Hartley']"
8.1,the perks of being a wallflower,PG-13,Drama,102,"[u'Logan Lerman', u'Emma Watson', u'Ezra Miller']"
7.7,dazed and confused,R,Comedy,102,"[u'Jason London', u'Wiley Wiggins', u'Matthew McConaughey']"
7.6,american psycho,R,Crime,102,"[u'Christian Bale', u'Justin Theroux', u'Josh Lucas']"
7.7,frozen,PG,Animation,102,"[u'Kristen Bell', u'Idina Menzel', u'Jonathan Groff']"
7.7,enter the dragon,R,Action,102,"[u'Bruce Lee', u'John Saxon', u'Jim Kelly']"
8.3,snatch.,R,Comedy,102,"[u'Jason Statham', u'Brad Pitt', u'Benicio Del Toro']"
7.6,garden state,R,Comedy,102,"[u'Zach Braff', u'Peter Sarsgaard', u'Natalie Portman']"
8.1,bringing up baby,APPROVED,Comedy,102,"[u'Katharine Hepburn', u'Cary Grant', u'Charles Ruggles']"
8.6,casablanca,PG,Drama,102,"[u'Humphrey Bogart', u'Ingrid Bergman', u'Paul Henreid']"
7.9,big hero 6,PG,Animation,102,"[u'Ryan Potter', u'Scott Adsit', u'Jamie Chung']"
8.0,how to train your dragon 2,PG,Animation,102,"[u'Jay Baruchel', u'Cate Blanchett', u'Gerard Butler']"
7.4,the neverending story,PG,Adventure,102,"[u'Noah Hathaway', u'Barret Oliver', u'Tami Stronach']"
8.0,the adventures of robin hood,PG,Action,102,"[u'Errol Flynn', u'Olivia de Havilland', u'Basil Rathbone']"
7.6,the crow,R,Action,102,"[u'Brandon Lee', u'Michael Wincott', u'Rochelle Davis']"
7.5,calvary,R,Drama,102,"[u'Brendan Gleeson', u""Chris O'Dowd"", u'Kelly Reilly']"
7.5,robocop,R,Action,102,"[u'Peter Weller', u'Nancy Allen', u""Dan O'Herlihy""]"
7.8,dirty harry,R,Action,102,"[u'Clint Eastwood', u'Andrew Robinson', u'Harry Guardino']"
7.6,the legend of drunken master,R,Action,102,"[u'Jackie Chan', u'Ho-Sung Pak', u'Lung Ti']"
8.1,the wizard of oz,PASSED,Adventure,102,"[u'Judy Garland', u'Frank Morgan', u'Ray Bolger']"
8.4,requiem for a dream,R,Drama,102,"[u'Ellen Burstyn', u'Jared Leto', u'Jennifer Connelly']"
8.1,the truman show,PG,Drama,103,"[u'Jim Carrey', u'Ed Harris', u'Laura Linney']"
7.9,kiki's delivery service,G,Animation,103,"[u'Kirsten Dunst', u'Minami Takayama', u'Rei Sakuma']"
8.1,"spring, summer, fall, winter... and spring",R,Drama,103,"[u'Ki-duk Kim', u'Yeong-su Oh', u'Jong-ho Kim']"
7.7,saw,R,Horror,103,"[u'Cary Elwes', u'Leigh Whannell', u'Danny Glover']"
7.7,kiss kiss bang bang,R,Action,103,"[u'Robert Downey Jr.', u'Val Kilmer', u'Michelle Monaghan']"
8.4,toy story 3,G,Animation,103,"[u'Tom Hanks', u'Tim Allen', u'Joan Cusack']"
8.4,singin' in the rain,APPROVED,Comedy,103,"[u'Gene Kelly', u""Donald O'Connor"", u'Debbie Reynolds']"
7.5,transamerica,R,Adventure,103,"[u'Felicity Huffman', u'Kevin Zegers', u'Fionnula Flanagan']"
7.9,ferris bueller's day off,PG-13,Comedy,103,"[u'Matthew Broderick', u'Alan Ruck', u'Mia Sara']"
7.4,home alone,PG,Comedy,103,"[u'Macaulay Culkin', u'Joe Pesci', u'Daniel Stern']"
8.0,hannah and her sisters,PG-13,Comedy,103,"[u'Mia Farrow', u'Dianne Wiest', u'Michael Caine']"
7.4,the way way back,PG-13,Comedy,103,"[u'Steve Carell', u'Toni Collette', u'Allison Janney']"
7.9,my left foot,R,Biography,103,"[u'Daniel Day-Lewis', u'Brenda Fricker', u'Alison Whelan']"
7.5,felon,R,Crime,104,"[u'Stephen Dorff', u'Marisol Nichols', u'Vincent Miller']"
7.5,inside llewyn davis,R,Drama,104,"[u'Oscar Isaac', u'Carey Mulligan', u'John Goodman']"
7.7,who framed roger rabbit,PG,Animation,104,"[u'Bob Hoskins', u'Christopher Lloyd', u'Joanna Cassidy']"
7.7,the visitor,PG-13,Drama,104,"[u'Richard Jenkins', u'Haaz Sleiman', u'Danai Gurira']"
7.5,begin again,R,Drama,104,"[u'Keira Knightley', u'Mark Ruffalo', u'Adam Levine']"
7.6,the others,PG-13,Horror,104,"[u'Nicole Kidman', u'Christopher Eccleston', u'Fionnula Flanagan']"
7.6,braindead,R,Comedy,104,"[u'Timothy Balme', u'Diana Pe\xf1alver', u'Elizabeth Moody']"
7.5,the proposition,R,Crime,104,"[u'Ray Winstone', u'Guy Pearce', u'Emily Watson']"
7.7,fearless,PG-13,Action,104,"[u'Jet Li', u'Li Sun', u'Yong Dong']"
8.1,harvey,NOT RATED,Comedy,104,"[u'James Stewart', u'Josephine Hull', u'Peggy Dow']"
7.8,the french connection,R,Action,104,"[u'Gene Hackman', u'Roy Scheider', u'Fernando Rey']"
7.5,"the adventures of priscilla, queen of the desert",R,Comedy,104,"[u'Hugo Weaving', u'Guy Pearce', u'Terence Stamp']"
8.0,crimes and misdemeanors,PG-13,Comedy,104,"[u'Martin Landau', u'Woody Allen', u'Bill Bernstein']"
7.4,manhattan murder mystery,PG,Comedy,104,"[u'Woody Allen', u'Diane Keaton', u'Jerry Adler']"
7.5,doubt,PG-13,Drama,104,"[u'Meryl Streep', u'Philip Seymour Hoffman', u'Amy Adams']"
7.4,x-men,PG-13,Action,104,"[u'Patrick Stewart', u'Hugh Jackman', u'Ian McKellen']"
7.7,mysterious skin,NC-17,Drama,105,"[u'Brady Corbet', u'Joseph Gordon-Levitt', u'Elisabeth Shue']"
7.8,kramer vs. kramer,APPROVED,Drama,105,"[u'Dustin Hoffman', u'Meryl Streep', u'Jane Alexander']"
7.8,ghostbusters,PG,Comedy,105,"[u'Bill Murray', u'Dan Aykroyd', u'Sigourney Weaver']"
7.8,repulsion,UNRATED,Drama,105,"[u'Catherine Deneuve', u'Ian Hendry', u'John Fraser']"
7.8,in america,PG-13,Drama,105,"[u'Paddy Considine', u'Samantha Morton', u'Djimon Hounsou']"
7.6,high plains drifter,R,Western,105,"[u'Clint Eastwood', u'Verna Bloom', u'Marianna Hill']"
8.0,the african queen,PG,Adventure,105,"[u'Humphrey Bogart', u'Katharine Hepburn', u'Robert Morley']"
8.0,edward scissorhands,PG-13,Drama,105,"[u'Johnny Depp', u'Winona Ryder', u'Dianne Wiest']"
7.6,rise of the planet of the apes,PG-13,Action,105,"[u'James Franco', u'Andy Serkis', u'Freida Pinto']"
8.1,the return,UNRATED,Drama,105,"[u'Vladimir Garin', u'Ivan Dobronravov', u'Konstantin Lavronenko']"
7.7,shine,PG-13,Biography,105,"[u'Geoffrey Rush', u'Armin Mueller-Stahl', u'Justin Braine']"
8.2,it happened one night,UNRATED,Comedy,105,"[u'Clark Gable', u'Claudette Colbert', u'Walter Connolly']"
8.2,dial m for murder,PG,Crime,105,"[u'Ray Milland', u'Grace Kelly', u'Robert Cummings']"
8.1,before sunrise,R,Drama,105,"[u'Ethan Hawke', u'Julie Delpy', u'Andrea Eckert']"
7.5,the orphanage,R,Drama,105,"[u'Bel\xe9n Rueda', u'Fernando Cayo', u'Roger Pr\xedncep']"
7.4,sleepy hollow,R,Drama,105,"[u'Johnny Depp', u'Christina Ricci', u'Miranda Richardson']"
7.4,limitless,PG-13,Mystery,105,"[u'Bradley Cooper', u'Anna Friel', u'Abbie Cornish']"
8.1,the celebration,R,Drama,105,"[u'Ulrich Thomsen', u'Henning Moritzen', u'Thomas Bo Larsen']"
7.8,gattaca,PG-13,Drama,106,"[u'Ethan Hawke', u'Uma Thurman', u'Jude Law']"
7.7,y tu mama tambien,R,Drama,106,"[u'Maribel Verd\xfa', u'Gael Garc\xeda Bernal', u'Daniel Gim\xe9nez Cacho']"
7.5,in the loop,NOT RATED,Comedy,106,"[u'Tom Hollander', u'Peter Capaldi', u'James Gandolfini']"
8.7,the usual suspects,R,Crime,106,"[u'Kevin Spacey', u'Gabriel Byrne', u'Chazz Palminteri']"
7.5,everything is illuminated,PG-13,Comedy,106,"[u'Elijah Wood', u'Eugene Hutz', u'Boris Leskin']"
7.8,finding neverland,PG,Biography,106,"[u'Johnny Depp', u'Kate Winslet', u'Julie Christie']"
8.0,the graduate,APPROVED,Comedy,106,"[u'Dustin Hoffman', u'Anne Bancroft', u'Katharine Ross']"
8.1,young frankenstein,PG,Comedy,106,"[u'Gene Wilder', u'Madeline Kahn', u'Marty Feldman']"
7.5,to catch a thief,APPROVED,Mystery,106,"[u'Cary Grant', u'Grace Kelly', u'Jessie Royce Landis']"
7.5,bad education,NC-17,Crime,106,"[u'Gael Garc\xeda Bernal', u'Fele Mart\xednez', u'Javier C\xe1mara']"
7.8,"o brother, where art thou?",PG-13,Adventure,106,"[u'George Clooney', u'John Turturro', u'Tim Blake Nelson']"
7.7,boy a,R,Drama,106,"[u'Andrew Garfield', u'Peter Mullan', u'Shaun Evans']"
7.5,the devil's backbone,R,Drama,106,"[u'Marisa Paredes', u'Eduardo Noriega', u'Federico Luppi']"
8.1,yip man,R,Action,106,"[u'Donnie Yen', u'Simon Yam', u'Siu-Wong Fan']"
7.6,the meaning of life,R,Comedy,107,"[u'John Cleese', u'Terry Gilliam', u'Eric Idle']"
7.6,equilibrium,R,Action,107,"[u'Christian Bale', u'Sean Bean', u'Emily Watson']"
8.3,the general,UNRATED,Action,107,"[u'Buster Keaton', u'Marion Mack', u'Glen Cavender']"
7.8,withnail & i,R,Comedy,107,"[u'Richard E. Grant', u'Paul McGann', u'Richard Griffiths']"
8.4,double indemnity,PASSED,Crime,107,"[u'Fred MacMurray', u'Barbara Stanwyck', u'Edward G. Robinson']"
7.9,down by law,R,Comedy,107,"[u'Tom Waits', u'John Lurie', u'Roberto Benigni']"
8.2,"lock, stock and two smoking barrels",R,Comedy,107,"[u'Jason Flemyng', u'Dexter Fletcher', u'Nick Moran']"
8.0,in bruges,R,Comedy,107,"[u'Colin Farrell', u'Brendan Gleeson', u'Ciar\xe1n Hinds']"
7.8,misery,R,Thriller,107,"[u'James Caan', u'Kathy Bates', u'Richard Farnsworth']"
7.8,predator,R,Action,107,"[u'Arnold Schwarzenegger', u'Carl Weathers', u'Kevin Peter Hall']"
8.2,the sixth sense,PG-13,Drama,107,"[u'Bruce Willis', u'Haley Joel Osment', u'Toni Collette']"
7.6,field of dreams,PG,Drama,107,"[u'Kevin Costner', u'James Earl Jones', u'Ray Liotta']"
7.4,wonder boys,R,Drama,107,"[u'Michael Douglas', u'Tobey Maguire', u'Frances McDormand']"
8.1,the terminator,R,Action,107,"[u'Arnold Schwarzenegger', u'Linda Hamilton', u'Michael Biehn']"
7.4,far from heaven,PG-13,Drama,107,"[u'Julianne Moore', u'Dennis Quaid', u'Dennis Haysbert']"
8.6,whiplash,R,Drama,107,"[u'Miles Teller', u'J.K. Simmons', u'Melissa Benoist']"
8.0,shadow of a doubt,APPROVED,Thriller,108,"[u'Teresa Wright', u'Joseph Cotten', u'Macdonald Carey']"
7.8,the bourne supremacy,PG-13,Action,108,"[u'Matt Damon', u'Franka Potente', u'Joan Allen']"
7.4,bound,R,Crime,108,"[u'Jennifer Tilly', u'Gina Gershon', u'Joe Pantoliano']"
8.1,cat on a hot tin roof,APPROVED,Drama,108,"[u'Elizabeth Taylor', u'Paul Newman', u'Burl Ives']"
7.6,funny games,UNRATED,Crime,108,"[u'Susanne Lothar', u'Ulrich M\xfche', u'Arno Frisch']"
7.6,ip man 2,R,Action,108,"[u'Donnie Yen', u'Xiaoming Huang', u'Sammo Kam-Bo Hung']"
7.8,guess who's coming to dinner,UNRATED,Comedy,108,"[u'Spencer Tracy', u'Sidney Poitier', u'Katharine Hepburn']"
7.6,a fish called wanda,R,Comedy,108,"[u'John Cleese', u'Jamie Lee Curtis', u'Kevin Kline']"
8.1,la strada,NOT RATED,Drama,108,"[u'Anthony Quinn', u'Giulietta Masina', u'Richard Basehart']"
7.9,the boondock saints,R,Action,108,"[u'Willem Dafoe', u'Sean Patrick Flanery', u'Norman Reedus']"
8.3,on the waterfront,NOT RATED,Crime,108,"[u'Marlon Brando', u'Karl Malden', u'Lee J. Cobb']"
8.4,eternal sunshine of the spotless mind,R,Drama,108,"[u'Jim Carrey', u'Kate Winslet', u'Tom Wilkinson']"
7.8,october sky,PG,Biography,108,"[u'Jake Gyllenhaal', u'Chris Cooper', u'Laura Dern']"
7.8,back to the future part ii,PG,Adventure,108,"[u'Michael J. Fox', u'Christopher Lloyd', u'Lea Thompson']"
8.0,black swan,R,Drama,108,"[u'Natalie Portman', u'Mila Kunis', u'Vincent Cassel']"
7.4,my sister's keeper,PG-13,Drama,109,"[u'Cameron Diaz', u'Abigail Breslin', u'Alec Baldwin']"
8.0,in the heat of the night,APPROVED,Crime,109,"[u'Sidney Poitier', u'Rod Steiger', u'Warren Oates']"
7.8,the king of comedy,PG,Comedy,109,"[u'Robert De Niro', u'Jerry Lewis', u'Diahnne Abbott']"
7.4,law abiding citizen,R,Crime,109,"[u'Gerard Butler', u'Jamie Foxx', u'Leslie Bibb']"
7.5,green street hooligans,R,Crime,109,"[u'Elijah Wood', u'Charlie Hunnam', u'Claire Forlani']"
7.5,malena,R,Drama,109,"[u'Monica Bellucci', u'Giuseppe Sulfaro', u'Luciano Federico']"
7.9,lilya 4-ever,R,Crime,109,"[u'Oksana Akinshina', u'Artyom Bogucharskiy', u'Pavel Ponomaryov']"
8.0,before midnight,R,Drama,109,"[u'Ethan Hawke', u'Julie Delpy', u'Seamus Davey-Fitzpatrick']"
7.5,up in the air,R,Drama,109,"[u'George Clooney', u'Vera Farmiga', u'Anna Kendrick']"
8.6,psycho,R,Horror,109,"[u'Anthony Perkins', u'Janet Leigh', u'Vera Miles']"
7.6,secondhand lions,PG,Comedy,109,"[u'Haley Joel Osment', u'Michael Caine', u'Robert Duvall']"
7.7,end of watch,R,Crime,109,"[u'Jake Gyllenhaal', u'Michael Pe\xf1a', u'Anna Kendrick']"
7.6,animal house,R,Comedy,109,"[u'John Belushi', u'Karen Allen', u'Tom Hulce']"
7.9,children of men,R,Drama,109,"[u'Julianne Moore', u'Clive Owen', u'Chiwetel Ejiofor']"
8.2,the thing,R,Horror,109,"[u'Kurt Russell', u'Wilford Brimley', u'Keith David']"
7.9,the wrestler,R,Drama,109,"[u'Mickey Rourke', u'Marisa Tomei', u'Evan Rachel Wood']"
7.5,gallipoli,PG,Adventure,110,"[u'Mel Gibson', u'Mark Lee', u'Bill Kerr']"
7.5,brick,R,Crime,110,"[u'Joseph Gordon-Levitt', u'Lukas Haas', u'Emilie de Ravin']"
7.5,american graffiti,PG,Comedy,110,"[u'Richard Dreyfuss', u'Ron Howard', u'Paul Le Mat']"
7.6,the royal tenenbaums,R,Comedy,110,"[u'Gene Hackman', u'Gwyneth Paltrow', u'Anjelica Huston']"
7.6,the illusionist,PG-13,Drama,110,"[u'Edward Norton', u'Jessica Biel', u'Paul Giamatti']"
8.2,butch cassidy and the sundance kid,,Biography,110,"[u'Paul Newman', u'Robert Redford', u'Katharine Ross']"
7.7,billy elliot,PG-13,Comedy,110,"[u'Jamie Bell', u'Julie Walters', u'Jean Heywood']"
7.6,lethal weapon,R,Action,110,"[u'Mel Gibson', u'Danny Glover', u'Gary Busey']"
8.6,leon: the professional,R,Crime,110,"[u'Jean Reno', u'Gary Oldman', u'Natalie Portman']"
7.8,goldfinger,APPROVED,Action,110,"[u'Sean Connery', u'Gert Fr\xf6be', u'Honor Blackman']"
7.5,buffalo '66,R,Comedy,110,"[u'Vincent Gallo', u'Christina Ricci', u'Ben Gazzara']"
8.4,yojimbo,UNRATED,Action,110,"[u'Toshir\xf4 Mifune', u'Eijir\xf4 T\xf4no', u'Tatsuya Nakadai']"
8.5,sunset blvd.,NOT RATED,Drama,110,"[u'William Holden', u'Gloria Swanson', u'Erich von Stroheim']"
7.8,deliverance,R,Adventure,110,"[u'Jon Voight', u'Burt Reynolds', u'Ned Beatty']"
7.7,true grit,PG-13,Adventure,110,"[u'Jeff Bridges', u'Matt Damon', u'Hailee Steinfeld']"
7.8,lucky number slevin,R,Crime,110,"[u'Josh Hartnett', u'Ben Kingsley', u'Morgan Freeman']"
7.6,leaving las vegas,R,Drama,111,"[u'Nicolas Cage', u'Elisabeth Shue', u'Julian Sands']"
8.1,kill bill: vol. 1,R,Action,111,"[u'Uma Thurman', u'David Carradine', u'Daryl Hannah']"
7.6,united 93,R,Action,111,"[u'David Alan Basche', u'Olivia Thirlby', u'Liza Col\xf3n-Zayas']"
7.4,much ado about nothing,PG-13,Comedy,111,"[u'Kenneth Branagh', u'Emma Thompson', u'Keanu Reeves']"
7.7,spellbound,UNRATED,Film-Noir,111,"[u'Ingrid Bergman', u'Gregory Peck', u'Michael Chekhov']"
7.6,star trek: first contact,PG-13,Action,111,"[u'Patrick Stewart', u'Jonathan Frakes', u'Brent Spiner']"
8.0,ratatouille,G,Animation,111,"[u'Brad Garrett', u'Lou Romano', u'Patton Oswalt']"
7.5,ghost world,R,Comedy,111,"[u'Steve Buscemi', u'Thora Birch', u'Scarlett Johansson']"
7.8,rebel without a cause,PG-13,Drama,111,"[u'James Dean', u'Natalie Wood', u'Sal Mineo']"
7.6,the omen,R,Horror,111,"[u'Gregory Peck', u'Lee Remick', u'Harvey Stephens']"
7.9,bonnie and clyde,APPROVED,Biography,111,"[u'Warren Beatty', u'Faye Dunaway', u'Michael J. Pollard']"
7.7,blow-up,NOT RATED,Drama,111,"[u'David Hemmings', u'Vanessa Redgrave', u'Sarah Miles']"
7.9,the killer,R,Action,111,"[u'Yun-Fat Chow', u'Danny Lee', u'Sally Yeh']"
8.6,the intouchables,R,Biography,112,"[u'Fran\xe7ois Cluzet', u'Omar Sy', u'Anne Le Ny']"
7.5,the conjuring,R,Horror,112,"[u'Patrick Wilson', u'Vera Farmiga', u'Ron Livingston']"
7.5,smoke,R,Comedy,112,"[u'Harvey Keitel', u'William Hurt', u'Giancarlo Esposito']"
7.5,the ice storm,R,Drama,112,"[u'Kevin Kline', u'Joan Allen', u'Sigourney Weaver']"
7.5,we need to talk about kevin,R,Drama,112,"[u'Tilda Swinton', u'John C. Reilly', u'Ezra Miller']"
7.9,crash,R,Drama,112,"[u'Don Cheadle', u'Sandra Bullock', u'Thandie Newton']"
7.8,the last of the mohicans,R,Action,112,"[u'Daniel Day-Lewis', u'Madeleine Stowe', u'Russell Means']"
7.8,boyz n the hood,R,Crime,112,"[u'Cuba Gooding Jr.', u'Laurence Fishburne', u'Hudhail Al-Amir']"
8.6,rear window,APPROVED,Mystery,112,"[u'James Stewart', u'Grace Kelly', u'Wendell Corey']"
7.5,witness,R,Crime,112,"[u'Harrison Ford', u'Kelly McGillis', u'Lukas Haas']"
7.4,blue valentine,NC-17,Drama,112,"[u'Ryan Gosling', u'Michelle Williams', u'John Doman']"
7.4,mean streets,R,Crime,112,"[u'Robert De Niro', u'Harvey Keitel', u'David Proval']"
7.7,sympathy for lady vengeance,R,Crime,112,"[u'Yeong-ae Lee', u'Min-sik Choi', u'Shi-hoo Kim']"
7.7,the city of lost children,R,Fantasy,112,"[u'Ron Perlman', u'Daniel Emilfork', u'Judith Vittet']"
7.5,scott pilgrim vs. the world,PG-13,Action,112,"[u'Michael Cera', u'Mary Elizabeth Winstead', u'Kieran Culkin']"
7.8,being john malkovich,R,Comedy,112,"[u'John Cusack', u'Cameron Diaz', u'Catherine Keener']"
8.0,the straight story,G,Biography,112,"[u'Richard Farnsworth', u'Sissy Spacek', u'Jane Galloway Heitz']"
8.0,planet of the apes,G,Adventure,112,"[u'Charlton Heston', u'Roddy McDowall', u'Kim Hunter']"
7.6,escape from alcatraz,PG,Action,112,"[u'Clint Eastwood', u'Patrick McGoohan', u'Roberts Blossom']"
8.1,the philadelphia story,NOT RATED,Comedy,112,"[u'Cary Grant', u'Katharine Hepburn', u'James Stewart']"
8.1,the diving bell and the butterfly,PG-13,Biography,112,"[u'Mathieu Amalric', u'Emmanuelle Seigner', u'Marie-Jos\xe9e Croze']"
8.0,talk to her,R,Drama,112,"[u'Rosario Flores', u'Javier C\xe1mara', u'Dar\xedo Grandinetti']"
8.0,district 9,R,Action,112,"[u'Sharlto Copley', u'David James', u'Jason Cope']"
8.0,midnight cowboy,X,Drama,113,"[u'Dustin Hoffman', u'Jon Voight', u'Sylvia Miles']"
8.0,charade,NOT RATED,Comedy,113,"[u'Cary Grant', u'Audrey Hepburn', u'Walter Matthau']"
8.4,taxi driver,R,Crime,113,"[u'Robert De Niro', u'Jodie Foster', u'Cybill Shepherd']"
7.6,falling down,R,Crime,113,"[u'Michael Douglas', u'Robert Duvall', u'Barbara Hershey']"
7.9,"4 months, 3 weeks and 2 days",NOT RATED,Drama,113,"[u'Anamaria Marinca', u'Vlad Ivanov', u'Laura Vasiliu']"
8.0,edge of tomorrow,PG-13,Action,113,"[u'Tom Cruise', u'Emily Blunt', u'Bill Paxton']"
8.0,central station,R,Drama,113,"[u'Fernanda Montenegro', u'Vin\xedcius de Oliveira', u'Mar\xedlia P\xeara']"
7.7,the butterfly effect,R,Sci-Fi,113,"[u'Ashton Kutcher', u'Amy Smart', u'Melora Walters']"
7.9,the conversation,PG,Drama,113,"[u'Gene Hackman', u'John Cazale', u'Allen Garfield']"
7.6,superbad,R,Comedy,113,"[u'Michael Cera', u'Jonah Hill', u'Christopher Mintz-Plasse']"
7.6,high fidelity,R,Comedy,113,"[u'John Cusack', u'Iben Hjejle', u'Todd Louiso']"
7.8,evil,NOT RATED,Drama,113,"[u'Andreas Wilson', u'Henrik Lundstr\xf6m', u'Gustaf Skarsg\xe5rd']"
7.5,total recall,R,Action,113,"[u'Arnold Schwarzenegger', u'Sharon Stone', u'Michael Ironside']"
7.8,sabrina,UNRATED,Comedy,113,"[u'Humphrey Bogart', u'Audrey Hepburn', u'William Holden']"
7.7,star trek ii: the wrath of khan,PG,Action,113,"[u'William Shatner', u'Leonard Nimoy', u'DeForest Kelley']"
7.6,28 days later...,R,Horror,113,"[u'Cillian Murphy', u'Naomie Harris', u'Christopher Eccleston']"
8.1,donnie darko,R,Drama,113,"[u'Jake Gyllenhaal', u'Jena Malone', u'Mary McDonnell']"
7.5,straw dogs,UNRATED,Crime,113,"[u'Dustin Hoffman', u'Susan George', u'Peter Vaughan']"
8.5,memento,R,Mystery,113,"[u'Guy Pearce', u'Carrie-Anne Moss', u'Joe Pantoliano']"
7.7,stranger than fiction,PG-13,Comedy,113,"[u'Will Ferrell', u'Emma Thompson', u'Dustin Hoffman']"
7.7,remember the titans,PG,Biography,113,"[u'Denzel Washington', u'Will Patton', u'Wood Harris']"
7.6,jacob's ladder,R,Drama,113,"[u'Tim Robbins', u'Elizabeth Pe\xf1a', u'Danny Aiello']"
7.5,rudy,PG,Biography,114,"[u'Sean Astin', u'Jon Favreau', u'Ned Beatty']"
7.4,poltergeist,PG,Horror,114,"[u'JoBeth Williams', u""Heather O'Rourke"", u'Craig T. Nelson']"
7.6,august rush,PG,Drama,114,"[u'Freddie Highmore', u'Keri Russell', u'Jonathan Rhys Meyers']"
8.1,the imitation game,PG-13,Biography,114,"[u'Benedict Cumberbatch', u'Keira Knightley', u'Matthew Goode']"
7.8,battle royale,NOT RATED,Action,114,"[u'Tatsuya Fujiwara', u'Aki Maeda', u'Tar\xf4 Yamamoto']"
7.6,the impossible,PG-13,Drama,114,"[u'Naomi Watts', u'Ewan McGregor', u'Tom Holland']"
7.7,gone baby gone,R,Crime,114,"[u'Morgan Freeman', u'Ed Harris', u'Casey Affleck']"
7.8,the goonies,PG,Adventure,114,"[u'Sean Astin', u'Josh Brolin', u'Jeff Cohen']"
7.7,adaptation.,R,Comedy,114,"[u'Nicolas Cage', u'Meryl Streep', u'Chris Cooper']"
7.5,bullitt,PG,Action,114,"[u'Steve McQueen', u'Jacqueline Bisset', u'Robert Vaughn']"
8.1,the big sleep,APPROVED,Crime,114,"[u'Humphrey Bogart', u'Lauren Bacall', u'John Ridgely']"
7.4,capote,R,Biography,114,"[u'Philip Seymour Hoffman', u'Clifton Collins Jr.', u'Catherine Keener']"
7.6,hoosiers,PG,Drama,114,"[u'Gene Hackman', u'Barbara Hershey', u'Dennis Hopper']"
7.6,the hours,PG-13,Drama,114,"[u'Meryl Streep', u'Nicole Kidman', u'Julianne Moore']"
7.9,nine queens,R,Crime,114,"[u'Ricardo Dar\xedn', u'Gast\xf3n Pauls', u'Leticia Br\xe9dice']"
7.9,cowboy bebop: the movie,R,Animation,115,"[u'Beau Billingslea', u'Melissa Fahn', u'Nicholas Guest']"
7.6,of mice and men,PG-13,Drama,115,"[u'John Malkovich', u'Gary Sinise', u'Ray Walston']"
8.0,east of eden,PG,Drama,115,"[u'James Dean', u'Raymond Massey', u'Julie Harris']"
7.8,nebraska,R,Adventure,115,"[u'Bruce Dern', u'Will Forte', u'June Squibb']"
7.6,disconnect,R,Drama,115,"[u'Jason Bateman', u'Jonah Bobo', u'Haley Ramm']"
8.0,the incredibles,PG,Animation,115,"[u'Craig T. Nelson', u'Samuel L. Jackson', u'Holly Hunter']"
7.8,breakfast at tiffany's,NOT RATED,Comedy,115,"[u'Audrey Hepburn', u'George Peppard', u'Patricia Neal']"
8.6,raiders of the lost ark,PG,Action,115,"[u'Harrison Ford', u'Karen Allen', u'Paul Freeman']"
8.3,jagten,R,Drama,115,"[u'Mads Mikkelsen', u'Thomas Bo Larsen', u'Annika Wedderkopp']"
7.5,from russia with love,APPROVED,Action,115,"[u'Sean Connery', u'Robert Shaw', u'Lotte Lenya']"
8.1,elite squad,R,Action,115,"[u'Wagner Moura', u'Andr\xe9 Ramiro', u'Caio Junqueira']"
8.1,elite squad: the enemy within,UNRATED,Action,115,"[u'Wagner Moura', u'Irandhir Santos', u'Andr\xe9 Ramiro']"
7.9,miller's crossing,R,Crime,115,"[u'Gabriel Byrne', u'Albert Finney', u'John Turturro']"
8.1,the bourne ultimatum,PG-13,Action,115,"[u'Matt Damon', u'\xc9dgar Ram\xedrez', u'Joan Allen']"
7.9,e.t. the extra-terrestrial,PG,Family,115,"[u'Henry Thomas', u'Drew Barrymore', u'Peter Coyote']"
8.0,let the right one in,R,Drama,115,"[u'K\xe5re Hedebrant', u'Lina Leandersson', u'Per Ragnar']"
8.4,witness for the prosecution,APPROVED,Crime,116,"[u'Tyrone Power', u'Marlene Dietrich', u'Charles Laughton']"
7.5,sweeney todd: the demon barber of fleet street,R,Drama,116,"[u'Johnny Depp', u'Helena Bonham Carter', u'Alan Rickman']"
7.8,ocean's eleven,PG-13,Crime,116,"[u'George Clooney', u'Brad Pitt', u'Julia Roberts']"
8.3,full metal jacket,R,Drama,116,"[u'Matthew Modine', u'R. Lee Ermey', u""Vincent D'Onofrio""]"
7.7,mash,R,Comedy,116,"[u'Donald Sutherland', u'Elliott Gould', u'Tom Skerritt']"
7.5,frenzy,R,Thriller,116,"[u'Jon Finch', u'Barry Foster', u'Alec McCowen']"
7.5,trading places,R,Comedy,116,"[u'Eddie Murphy', u'Dan Aykroyd', u'Ralph Bellamy']"
7.6,ghost dog: the way of the samurai,R,Action,116,"[u'Forest Whitaker', u'Henry Silva', u'John Tormey']"
8.5,back to the future,PG,Adventure,116,"[u'Michael J. Fox', u'Christopher Lloyd', u'Lea Thompson']"
7.7,barton fink,R,Drama,116,"[u'John Turturro', u'John Goodman', u'Judy Davis']"
7.6,the blind swordsman: zatoichi,R,Action,116,"[u'Takeshi Kitano', u'Tadanobu Asano', u'Yui Natsukawa']"
7.4,tootsie,PG,Comedy,116,"[u'Dustin Hoffman', u'Jessica Lange', u'Teri Garr']"
7.9,the fighter,R,Biography,116,"[u'Mark Wahlberg', u'Christian Bale', u'Amy Adams']"
8.6,life is beautiful,PG-13,Comedy,116,"[u'Roberto Benigni', u'Nicoletta Braschi', u'Giorgio Cantarini']"
8.2,gran torino,R,Drama,116,"[u'Clint Eastwood', u'Bee Vang', u'Christopher Carley']"
8.2,diabolique,UNRATED,Horror,116,"[u'Simone Signoret', u'V\xe9ra Clouzot', u'Paul Meurisse']"
7.6,the man who wasn't there,R,Crime,116,"[u'Billy Bob Thornton', u'Frances McDormand', u'Michael Badalucco']"
7.9,nightcrawler,R,Crime,117,"[u'Jake Gyllenhaal', u'Rene Russo', u'Bill Paxton']"
7.9,the fall,R,Adventure,117,"[u'Lee Pace', u'Catinca Untaru', u'Justine Waddell']"
7.4,pirate radio,R,Comedy,117,"[u'Philip Seymour Hoffman', u'Bill Nighy', u'Nick Frost']"
7.7,kick-ass,R,Action,117,"[u'Aaron Taylor-Johnson', u'Nicolas Cage', u'Chlo\xeb Grace Moretz']"
8.2,nausicaa of the valley of the wind,PG,Animation,117,"[u'Sumi Shimamoto', u'Mahito Tsujimura', u'Hisako Ky\xf4da']"
7.8,300,R,Action,117,"[u'Gerard Butler', u'Lena Headey', u'David Wenham']"
8.0,dallas buyers club,R,Biography,117,"[u'Matthew McConaughey', u'Jennifer Garner', u'Jared Leto']"
8.2,the big lebowski,R,Comedy,117,"[u'Jeff Bridges', u'John Goodman', u'Julianne Moore']"
7.8,open your eyes,R,Drama,117,"[u'Eduardo Noriega', u'Pen\xe9lope Cruz', u'Chete Lera']"
8.5,alien,R,Horror,117,"[u'Sigourney Weaver', u'Tom Skerritt', u'John Hurt']"
7.7,road to perdition,R,Crime,117,"[u'Tom Hanks', u'Tyler Hoechlin', u'Rob Maxey']"
7.9,the pursuit of happyness,PG-13,Biography,117,"[u'Will Smith', u'Thandie Newton', u'Jaden Smith']"
7.5,three days of the condor,R,Mystery,117,"[u'Robert Redford', u'Faye Dunaway', u'Cliff Robertson']"
8.2,blade runner,R,Sci-Fi,117,"[u'Harrison Ford', u'Rutger Hauer', u'Sean Young']"
8.3,pan's labyrinth,R,Drama,118,"[u'Ivana Baquero', u'Ariadna Gil', u'Sergi L\xf3pez']"
7.6,indiana jones and the temple of doom,PG,Action,118,"[u'Harrison Ford', u'Kate Capshaw', u'Jonathan Ke Quan']"
8.1,roman holiday,NOT RATED,Comedy,118,"[u'Gregory Peck', u'Audrey Hepburn', u'Eddie Albert']"
7.4,man on the moon,R,Biography,118,"[u'Jim Carrey', u'Danny DeVito', u'Gerry Becker']"
8.1,arsenic and old lace,NOT RATED,Comedy,118,"[u'Cary Grant', u'Priscilla Lane', u'Raymond Massey']"
7.7,shane,APPROVED,Drama,118,"[u'Alan Ladd', u'Jean Arthur', u'Van Heflin']"
8.1,the king's speech,R,Biography,118,"[u'Colin Firth', u'Geoffrey Rush', u'Helena Bonham Carter']"
7.6,boys don't cry,R,Biography,118,"[u'Hilary Swank', u'Chlo\xeb Sevigny', u'Peter Sarsgaard']"
7.4,back to the future part iii,PG,Adventure,118,"[u'Michael J. Fox', u'Christopher Lloyd', u'Mary Steenburgen']"
7.8,what's eating gilbert grape,PG-13,Drama,118,"[u'Johnny Depp', u'Leonardo DiCaprio', u'Juliette Lewis']"
8.1,the last picture show,R,Drama,118,"[u'Timothy Bottoms', u'Jeff Bridges', u'Cybill Shepherd']"
7.4,la femme nikita,R,Action,118,"[u'Anne Parillaud', u'Marc Duret', u'Patrick Fontana']"
7.7,fear and loathing in las vegas,R,Comedy,118,"[u'Johnny Depp', u'Benicio Del Toro', u'Tobey Maguire']"
7.4,"crazy, stupid, love.",PG-13,Comedy,118,"[u'Steve Carell', u'Ryan Gosling', u'Julianne Moore']"
8.6,the silence of the lambs,R,Drama,118,"[u'Jodie Foster', u'Anthony Hopkins', u'Lawrence A. Bonney']"
7.8,from here to eternity,NOT RATED,Drama,118,"[u'Burt Lancaster', u'Montgomery Clift', u'Deborah Kerr']"
7.9,birdman: or (the unexpected virtue of ignorance),R,Comedy,119,"[u'Michael Keaton', u'Zach Galifianakis', u'Edward Norton']"
8.0,the searchers,APPROVED,Adventure,119,"[u'John Wayne', u'Jeffrey Hunter', u'Vera Miles']"
7.6,house of flying daggers,PG-13,Action,119,"[u'Ziyi Zhang', u'Takeshi Kaneshiro', u'Andy Lau']"
7.7,dangerous liaisons,R,Drama,119,"[u'Glenn Close', u'John Malkovich', u'Michelle Pfeiffer']"
8.4,citizen kane,APPROVED,Drama,119,"[u'Orson Welles', u'Joseph Cotten', u'Dorothy Comingore']"
7.8,the birds,PG-13,Horror,119,"[u'Rod Taylor', u'Tippi Hedren', u'Suzanne Pleshette']"
8.0,the untouchables,R,Crime,119,"[u'Kevin Costner', u'Sean Connery', u'Robert De Niro']"
7.9,the man from nowhere,R,Action,119,"[u'Bin Won', u'Sae-ron Kim', u'Tae-hoon Kim']"
8.1,rocky,PG,Drama,119,"[u'Sylvester Stallone', u'Talia Shire', u'Burt Young']"
8.2,howl's moving castle,PG,Animation,119,"[u'Chieko Baish\xf4', u'Takuya Kimura', u'Tatsuya Gash\xfbin']"
7.9,the bourne identity,PG-13,Action,119,"[u'Franka Potente', u'Matt Damon', u'Chris Cooper']"
8.0,serenity,PG-13,Action,119,"[u'Nathan Fillion', u'Gina Torres', u'Chiwetel Ejiofor']"
8.6,american history x,R,Crime,119,"[u'Edward Norton', u'Edward Furlong', u""Beverly D'Angelo""]"
7.5,looper,R,Action,119,"[u'Joseph Gordon-Levitt', u'Bruce Willis', u'Emily Blunt']"
7.7,in a better world,R,Drama,119,"[u'Mikael Persbrandt', u'Trine Dyrholm', u'Markus Rygaard']"
8.4,oldeuboi,R,Drama,120,"[u'Min-sik Choi', u'Ji-tae Yu', u'Hye-jeong Kang']"
8.1,platoon,R,Drama,120,"[u'Charlie Sheen', u'Tom Berenger', u'Willem Dafoe']"
7.4,take shelter,R,Drama,120,"[u'Michael Shannon', u'Jessica Chastain', u'Shea Whigham']"
7.5,the man who knew too much,PG,Thriller,120,"[u'James Stewart', u'Doris Day', u'Brenda de Banzie']"
7.8,the social network,PG-13,Biography,120,"[u'Jesse Eisenberg', u'Andrew Garfield', u'Justin Timberlake']"
7.9,do the right thing,R,Comedy,120,"[u'Danny Aiello', u'Ossie Davis', u'Ruby Dee']"
8.1,stalag 17,NOT RATED,Comedy,120,"[u'William Holden', u'Don Taylor', u'Otto Preminger']"
7.8,blue velvet,R,Crime,120,"[u'Isabella Rossellini', u'Kyle MacLachlan', u'Dennis Hopper']"
7.6,collateral,R,Crime,120,"[u'Tom Cruise', u'Jamie Foxx', u'Jada Pinkett Smith']"
7.8,argo,R,Drama,120,"[u'Ben Affleck', u'Bryan Cranston', u'John Goodman']"
8.3,some like it hot,NOT RATED,Comedy,120,"[u'Marilyn Monroe', u'Tony Curtis', u'Jack Lemmon']"
8.0,slumdog millionaire,R,Drama,120,"[u'Dev Patel', u'Freida Pinto', u'Saurabh Shukla']"
8.0,true romance,R,Crime,120,"[u'Christian Slater', u'Patricia Arquette', u'Dennis Hopper']"
7.5,my cousin vinny,R,Comedy,120,"[u'Joe Pesci', u'Marisa Tomei', u'Ralph Macchio']"
7.8,the experiment,R,Drama,120,"[u'Moritz Bleibtreu', u'Christian Berkel', u'Oliver Stokowski']"
7.5,rust and bone,R,Drama,120,"[u'Marion Cotillard', u'Matthias Schoenaerts', u'Armand Verdure']"
7.6,la piel que habito,R,Thriller,120,"[u'Antonio Banderas', u'Elena Anaya', u'Jan Cornet']"
7.9,"crouching tiger, hidden dragon",PG-13,Action,120,"[u'Yun-Fat Chow', u'Michelle Yeoh', u'Ziyi Zhang']"
7.8,good bye lenin!,R,Comedy,121,"[u'Daniel Br\xfchl', u'Katrin Sa\xdf', u'Chulpan Khamatova']"
7.8,a bronx tale,R,Crime,121,"[u'Robert De Niro', u'Chazz Palminteri', u'Lillo Brancato']"
7.7,dead man,R,Drama,121,"[u'Johnny Depp', u'Gary Farmer', u'Crispin Glover']"
7.8,awakenings,PG-13,Biography,121,"[u'Robert De Niro', u'Robin Williams', u'Julie Kavner']"
7.6,the piano,R,Drama,121,"[u'Holly Hunter', u'Harvey Keitel', u'Sam Neill']"
8.7,star wars,PG,Action,121,"[u'Mark Hamill', u'Harrison Ford', u'Carrie Fisher']"
8.0,head-on,R,Drama,121,"[u'Birol \xdcnel', u'Sibel Kekilli', u'G\xfcven Kira\xe7']"
7.9,hot fuzz,R,Comedy,121,"[u'Simon Pegg', u'Nick Frost', u'Martin Freeman']"
7.6,volver,R,Comedy,121,"[u'Pen\xe9lope Cruz', u'Carmen Maura', u'Lola Due\xf1as']"
8.2,the battle of algiers,NOT RATED,Crime,121,"[u'Brahim Hadjadj', u'Jean Martin', u'Yacef Saadi']"
7.6,lone survivor,R,Action,121,"[u'Mark Wahlberg', u'Taylor Kitsch', u'Emile Hirsch']"
7.7,midnight express,R,Biography,121,"[u'Brad Davis', u'Irene Miracle', u'Bo Hopkins']"
8.2,hotel rwanda,PG-13,Drama,121,"[u'Don Cheadle', u'Sophie Okonedo', u'Joaquin Phoenix']"
7.5,the three burials of melquiades estrada,R,Adventure,121,"[u'Tommy Lee Jones', u'Barry Pepper', u'Dwight Yoakam']"
8.1,guardians of the galaxy,PG-13,Action,121,"[u'Chris Pratt', u'Vin Diesel', u'Bradley Cooper']"
8.2,network,R,Drama,121,"[u'Faye Dunaway', u'William Holden', u'Peter Finch']"
7.5,a simple plan,R,Crime,121,"[u'Bill Paxton', u'Billy Bob Thornton', u'Bridget Fonda']"
7.8,control,R,Biography,122,"[u'Sam Riley', u'Samantha Morton', u'Craig Parkinson']"
8.2,relatos salvajes,R,Comedy,122,"[u'Dar\xedo Grandinetti', u'Mar\xeda Marull', u'M\xf3nica Villa']"
7.6,dead man walking,R,Crime,122,"[u'Susan Sarandon', u'Sean Penn', u'Robert Prosky']"
8.1,no country for old men,R,Crime,122,"[u'Tommy Lee Jones', u'Javier Bardem', u'Josh Brolin']"
7.9,almost famous,R,Drama,122,"[u'Billy Crudup', u'Patrick Fugit', u'Kate Hudson']"
7.5,running scared,R,Action,122,"[u'Paul Walker', u'Cameron Bright', u'Chazz Palminteri']"
7.7,frost/nixon,R,Drama,122,"[u'Frank Langella', u'Michael Sheen', u'Kevin Bacon']"
8.0,glory,R,Drama,122,"[u'Matthew Broderick', u'Denzel Washington', u'Cary Elwes']"
8.4,amelie,R,Comedy,122,"[u'Audrey Tautou', u'Mathieu Kassovitz', u'Rufus']"
7.7,training day,R,Crime,122,"[u'Denzel Washington', u'Ethan Hawke', u'Scott Glenn']"
7.8,3:10 to yuma,R,Adventure,122,"[u'Russell Crowe', u'Christian Bale', u'Ben Foster']"
8.4,american beauty,R,Drama,122,"[u'Kevin Spacey', u'Annette Bening', u'Thora Birch']"
8.1,a streetcar named desire,PG,Drama,122,"[u'Vivien Leigh', u'Marlon Brando', u'Kim Hunter']"
8.0,the exorcist,R,Horror,122,"[u'Ellen Burstyn', u'Max von Sydow', u'Linda Blair']"
7.6,lord of war,R,Crime,122,"[u'Nicolas Cage', u'Ethan Hawke', u'Jared Leto']"
7.8,silver linings playbook,R,Comedy,122,"[u'Bradley Cooper', u'Jennifer Lawrence', u'Robert De Niro']"
8.0,amarcord,R,Comedy,123,"[u'Magali No\xebl', u'Bruno Zanin', u'Pupella Maggio']"
8.2,my sassy girl,NOT RATED,Comedy,123,"[u'Tae-hyun Cha', u'Gianna Jun', u'In-mun Kim']"
7.7,the last king of scotland,R,Biography,123,"[u'James McAvoy', u'Forest Whitaker', u'Gillian Anderson']"
8.2,rush,R,Action,123,"[u'Daniel Br\xfchl', u'Chris Hemsworth', u'Olivia Wilde']"
7.8,the theory of everything,PG-13,Biography,123,"[u'Eddie Redmayne', u'Felicity Jones', u'Tom Prior']"
7.5,freedom writers,PG-13,Biography,123,"[u'Hilary Swank', u'Imelda Staunton', u'Patrick Dempsey']"
7.9,the notebook,PG-13,Drama,123,"[u'Gena Rowlands', u'James Garner', u'Rachel McAdams']"
8.1,the man who shot liberty valance,APPROVED,Drama,123,"[u'James Stewart', u'John Wayne', u'Vera Miles']"
7.6,interview with the vampire: the vampire chronicles,R,Horror,123,"[u'Brad Pitt', u'Tom Cruise', u'Antonio Banderas']"
7.8,about time,R,Drama,123,"[u'Domhnall Gleeson', u'Rachel McAdams', u'Bill Nighy']"
7.7,seven pounds,PG-13,Drama,123,"[u'Will Smith', u'Rosario Dawson', u'Woody Harrelson']"
7.8,atonement,R,Drama,123,"[u'Keira Knightley', u'James McAvoy', u'Brenda Blethyn']"
8.4,jodaeiye nader az simin,PG-13,Drama,123,"[u'Peyman Moaadi', u'Leila Hatami', u'Sareh Bayat']"
7.6,the reader,R,Drama,124,"[u'Kate Winslet', u'Ralph Fiennes', u'Bruno Ganz']"
8.1,castle in the sky,PG,Animation,124,"[u'Anna Paquin', u'James Van Der Beek', u'Cloris Leachman']"
8.8,star wars: episode v - the empire strikes back,PG,Action,124,"[u'Mark Hamill', u'Harrison Ford', u'Carrie Fisher']"
7.5,reign over me,R,Drama,124,"[u'Adam Sandler', u'Don Cheadle', u'Jada Pinkett Smith']"
7.5,pleasantville,PG-13,Comedy,124,"[u'Tobey Maguire', u'Jeff Daniels', u'Joan Allen']"
7.7,21 grams,R,Crime,124,"[u'Sean Penn', u'Benicio Del Toro', u'Naomi Watts']"
7.9,cabaret,PG,Drama,124,"[u'Liza Minnelli', u'Michael York', u'Helmut Griem']"
8.1,akira,R,Animation,124,"[u'Nozomu Sasaki', u'Mami Koyama', u'Mitsuo Iwata']"
7.5,elizabeth,R,Biography,124,"[u'Cate Blanchett', u'Geoffrey Rush', u'Christopher Eccleston']"
8.2,the elephant man,PG,Biography,124,"[u'Anthony Hopkins', u'John Hurt', u'Anne Bancroft']"
8.1,jaws,PG,Drama,124,"[u'Roy Scheider', u'Robert Shaw', u'Richard Dreyfuss']"
8.1,sin city,R,Crime,124,"[u'Mickey Rourke', u'Clive Owen', u'Bruce Willis']"
7.7,the player,R,Comedy,124,"[u'Tim Robbins', u'Greta Scacchi', u'Fred Ward']"
7.7,match point,R,Drama,124,"[u'Scarlett Johansson', u'Jonathan Rhys Meyers', u'Emily Mortimer']"
7.8,ordinary people,R,Drama,124,"[u'Donald Sutherland', u'Mary Tyler Moore', u'Judd Hirsch']"
7.6,blow,R,Biography,124,"[u'Johnny Depp', u'Pen\xe9lope Cruz', u'Franka Potente']"
8.5,the great dictator,APPROVED,Comedy,125,"[u'Charles Chaplin', u'Paulette Goddard', u'Jack Oakie']"
8.1,the sea inside,PG-13,Biography,125,"[u'Javier Bardem', u'Bel\xe9n Rueda', u'Lola Due\xf1as']"
7.5,marathon man,R,Crime,125,"[u'Dustin Hoffman', u'Laurence Olivier', u'Roy Scheider']"
7.8,fantasia,G,Animation,125,"[u'Leopold Stokowski', u'Deems Taylor', u'Corey Burton']"
8.3,the apartment,APPROVED,Comedy,125,"[u'Jack Lemmon', u'Shirley MacLaine', u'Fred MacMurray']"
7.7,philadelphia,PG-13,Drama,125,"[u'Tom Hanks', u'Denzel Washington', u'Roberta Maxwell']"
7.5,life as a house,R,Drama,125,"[u'Hayden Christensen', u'Kevin Kline', u'Kristin Scott Thomas']"
7.5,the mission,PG,Adventure,125,"[u'Robert De Niro', u'Jeremy Irons', u'Ray McAnally']"
7.6,the town,R,Crime,125,"[u'Ben Affleck', u'Rebecca Hall', u'Jon Hamm']"
8.6,spirited away,PG,Animation,125,"[u'Daveigh Chase', u'Suzanne Pleshette', u'Miyu Irino']"
8.0,big fish,PG-13,Adventure,125,"[u'Ewan McGregor', u'Albert Finney', u'Billy Crudup']"
7.6,saving mr. banks,PG-13,Biography,125,"[u'Emma Thompson', u'Tom Hanks', u'Annie Rose Buckley']"
8.1,dog day afternoon,R,Crime,125,"[u'Al Pacino', u'John Cazale', u'Penelope Allen']"
7.5,the painted veil,PG-13,Drama,125,"[u'Naomi Watts', u'Edward Norton', u'Liev Schreiber']"
7.4,the cider house rules,PG-13,Drama,126,"[u'Tobey Maguire', u'Charlize Theron', u'Michael Caine']"
7.6,midnight run,R,Action,126,"[u'Robert De Niro', u'Charles Grodin', u'Yaphet Kotto']"
7.6,house of sand and fog,R,Drama,126,"[u'Jennifer Connelly', u'Ben Kingsley', u'Ron Eldard']"
7.6,the fifth element,PG-13,Action,126,"[u'Bruce Willis', u'Milla Jovovich', u'Gary Oldman']"
7.6,batman,PG-13,Action,126,"[u'Michael Keaton', u'Jack Nicholson', u'Kim Basinger']"
7.6,the great debaters,PG-13,Biography,126,"[u'Denzel Washington', u'Forest Whitaker', u'Kimberly Elise']"
7.6,sideways,R,Comedy,126,"[u'Paul Giamatti', u'Thomas Haden Church', u'Virginia Madsen']"
7.6,hugo,PG,Adventure,126,"[u'Asa Butterfield', u'Chlo\xeb Grace Moretz', u'Christopher Lee']"
7.4,wall street,R,Crime,126,"[u'Charlie Sheen', u'Michael Douglas', u'Tamara Tunie']"
8.0,her,R,Drama,126,"[u'Joaquin Phoenix', u'Amy Adams', u'Scarlett Johansson']"
7.9,iron man,PG-13,Action,126,"[u'Robert Downey Jr.', u'Gwyneth Paltrow', u'Terrence Howard']"
7.8,the motorcycle diaries,R,Adventure,126,"[u'Gael Garc\xeda Bernal', u'Rodrigo De la Serna', u'M\xeda Maestro']"
7.8,kaze tachinu,PG-13,Animation,126,"[u'Hideaki Anno', u'Hidetoshi Nishijima', u'Miori Takimoto']"
8.1,the manchurian candidate,APPROVED,Mystery,126,"[u'Frank Sinatra', u'Laurence Harvey', u'Janet Leigh']"
8.3,good will hunting,R,Drama,126,"[u'Robin Williams', u'Matt Damon', u'Ben Affleck']"
8.3,the treasure of the sierra madre,NOT RATED,Action,126,"[u'Humphrey Bogart', u'Walter Huston', u'Tim Holt']"
8.2,cool hand luke,PG,Crime,126,"[u'Paul Newman', u'George Kennedy', u'Strother Martin']"
8.0,the fault in our stars,PG-13,Drama,126,"[u'Shailene Woodley', u'Ansel Elgort', u'Nat Wolff']"
8.3,indiana jones and the last crusade,PG-13,Action,127,"[u'Harrison Ford', u'Sean Connery', u'Alison Doody']"
8.0,dawn of the dead,UNRATED,Horror,127,"[u'David Emge', u'Ken Foree', u'Scott H. Reiniger']"
7.7,moulin rouge!,PG-13,Drama,127,"[u'Nicole Kidman', u'Ewan McGregor', u'John Leguizamo']"
8.0,jurassic park,PG-13,Adventure,127,"[u'Sam Neill', u'Laura Dern', u'Jeff Goldblum']"
7.5,the wind that shakes the barley,NOT RATED,Drama,127,"[u'Cillian Murphy', u'Padraic Delaney', u'Liam Cunningham']"
7.8,amour,PG-13,Drama,127,"[u'Jean-Louis Trintignant', u'Emmanuelle Riva', u'Isabelle Huppert']"
7.9,the world's fastest indian,PG-13,Biography,127,"[u'Anthony Hopkins', u'Diane Ladd', u'Iain Rea']"
8.0,star trek,PG-13,Action,127,"[u'Chris Pine', u'Zachary Quinto', u'Simon Pegg']"
7.8,donnie brasco,R,Biography,127,"[u'Al Pacino', u'Johnny Depp', u'Michael Madsen']"
8.2,"black cat, white cat",R,Comedy,127,"[u'Bajram Severdzan', u'Srdjan Todorovic', u'Branka Katic']"
7.9,ed wood,R,Biography,127,"[u'Johnny Depp', u'Martin Landau', u'Sarah Jessica Parker']"
7.7,stardust,PG-13,Adventure,127,"[u'Charlie Cox', u'Claire Danes', u'Sienna Miller']"
8.7,se7en,R,Drama,127,"[u'Morgan Freeman', u'Brad Pitt', u'Kevin Spacey']"
8.0,life of pi,PG,Adventure,127,"[u'Suraj Sharma', u'Irrfan Khan', u'Adil Hussain']"
7.6,sherlock holmes,PG-13,Action,128,"[u'Robert Downey Jr.', u'Jude Law', u'Rachel McAdams']"
7.5,the class,PG-13,Drama,128,"[u'Fran\xe7ois B\xe9gaudeau', u'Agame Malembo-Emene', u'Ang\xe9lica Sancio']"
8.1,wings of desire,PG-13,Drama,128,"[u'Bruno Ganz', u'Solveig Dommartin', u'Otto Sander']"
7.9,hard boiled,R,Action,128,"[u'Yun-Fat Chow', u'Tony Chiu Wai Leung', u'Teresa Mo']"
7.4,true grit,,Adventure,128,"[u'John Wayne', u'Kim Darby', u'Glen Campbell']"
8.4,vertigo,APPROVED,Mystery,128,"[u'James Stewart', u'Kim Novak', u'Barbara Bel Geddes']"
7.6,the kite runner,PG-13,Drama,128,"[u'Khalid Abdalla', u'Ahmad Khan Mahmoodzada', u'Atossa Leoni']"
7.6,selma,PG-13,Biography,128,"[u'David Oyelowo', u'Carmen Ejogo', u'Tim Roth']"
7.8,mississippi burning,R,Crime,128,"[u'Gene Hackman', u'Willem Dafoe', u'Frances McDormand']"
8.0,dead poets society,PG,Drama,128,"[u'Robin Williams', u'Robert Sean Leonard', u'Ethan Hawke']"
7.8,the magnificent seven,NOT RATED,Action,128,"[u'Yul Brynner', u'Steve McQueen', u'Charles Bronson']"
7.6,milk,R,Biography,128,"[u'Sean Penn', u'Josh Brolin', u'Emile Hirsch']"
7.5,dracula,R,Horror,128,"[u'Gary Oldman', u'Winona Ryder', u'Anthony Hopkins']"
7.5,42,PG-13,Biography,128,"[u'Chadwick Boseman', u'T.R. Knight', u'Harrison Ford']"
7.7,primal fear,R,Crime,129,"[u'Richard Gere', u'Laura Linney', u'Edward Norton']"
8.4,to kill a mockingbird,NOT RATED,Drama,129,"[u'Gregory Peck', u'John Megna', u'Frank Overton']"
7.9,the man who would be king,PG,Action,129,"[u'Sean Connery', u'Michael Caine', u'Christopher Plummer']"
8.1,kingsman: the secret service,R,Action,129,"[u'Colin Firth', u'Taron Egerton', u'Samuel L. Jackson']"
7.5,2046,R,Drama,129,"[u'Tony Chiu Wai Leung', u'Ziyi Zhang', u'Faye Wong']"
8.2,the grapes of wrath,NOT RATED,Drama,129,"[u'Henry Fonda', u'Jane Darwell', u'John Carradine']"
7.7,sympathy for mr. vengeance,R,Crime,129,"[u'Kang-ho Song', u'Ha-kyun Shin', u'Doona Bae']"
7.5,sherlock holmes: a game of shadows,PG-13,Action,129,"[u'Robert Downey Jr.', u'Jude Law', u'Jared Harris']"
8.1,twelve monkeys,R,Mystery,129,"[u'Bruce Willis', u'Madeleine Stowe', u'Brad Pitt']"
8.4,the sting,PG,Comedy,129,"[u'Paul Newman', u'Robert Redford', u'Robert Shaw']"
7.7,the blind side,PG-13,Biography,129,"[u'Quinton Aaron', u'Sandra Bullock', u'Tim McGraw']"
8.3,the secret in their eyes,R,Drama,129,"[u'Ricardo Dar\xedn', u'Soledad Villamil', u'Pablo Rago']"
7.8,night on earth,R,Comedy,129,"[u'Winona Ryder', u'Gena Rowlands', u'Lisanne Falk']"
7.8,the game,R,Drama,129,"[u'Michael Douglas', u'Deborah Kara Unger', u'Sean Penn']"
7.5,the constant gardener,R,Drama,129,"[u'Ralph Fiennes', u'Rachel Weisz', u'Hubert Kound\xe9']"
8.3,raging bull,R,Biography,129,"[u'Robert De Niro', u'Cathy Moriarty', u'Joe Pesci']"
7.7,inside man,R,Crime,129,"[u'Denzel Washington', u'Clive Owen', u'Jodie Foster']"
8.3,mr. smith goes to washington,NOT RATED,Drama,129,"[u'James Stewart', u'Jean Arthur', u'Claude Rains']"
7.8,pride & prejudice,PG,Drama,129,"[u'Keira Knightley', u'Matthew Macfadyen', u'Brenda Blethyn']"
7.8,tombstone,R,Action,130,"[u'Kurt Russell', u'Val Kilmer', u'Sam Elliott']"
7.5,the life of david gale,R,Crime,130,"[u'Kevin Spacey', u'Kate Winslet', u'Laura Linney']"
8.7,city of god,R,Crime,130,"[u'Alexandre Rodrigues', u'Matheus Nachtergaele', u'Leandro Firmino']"
8.1,departures,PG-13,Drama,130,"[u'Masahiro Motoki', u'Ry\xf4ko Hirosue', u'Tsutomu Yamazaki']"
7.7,dawn of the planet of the apes,PG-13,Action,130,"[u'Gary Oldman', u'Keri Russell', u'Andy Serkis']"
8.7,it's a wonderful life,APPROVED,Drama,130,"[u'James Stewart', u'Donna Reed', u'Lionel Barrymore']"
8.2,rebecca,NOT RATED,Mystery,130,"[u'Laurence Olivier', u'Joan Fontaine', u'George Sanders']"
8.0,being there,PG,Comedy,130,"[u'Peter Sellers', u'Shirley MacLaine', u'Melvyn Douglas']"
8.1,harry potter and the deathly hallows: part 2,PG-13,Adventure,130,"[u'Daniel Radcliffe', u'Emma Watson', u'Rupert Grint']"
8.3,chinatown,R,Drama,130,"[u'Jack Nicholson', u'Faye Dunaway', u'John Huston']"
7.8,the fugitive,PG-13,Action,130,"[u'Harrison Ford', u'Tommy Lee Jones', u'Sela Ward']"
7.5,in the bedroom,R,Crime,130,"[u'Tom Wilkinson', u'Sissy Spacek', u'Nick Stahl']"
7.9,le passe,PG-13,Drama,130,"[u'B\xe9r\xe9nice Bejo', u'Tahar Rahim', u'Ali Mosaffa']"
7.8,the name of the rose,R,Crime,130,"[u'Sean Connery', u'Christian Slater', u'Helmut Qualtinger']"
7.5,mud,PG-13,Drama,130,"[u'Matthew McConaughey', u'Tye Sheridan', u'Jacob Lofland']"
7.8,serpico,R,Biography,130,"[u'Al Pacino', u'John Randolph', u'Jack Kehoe']"
8.5,the prestige,PG-13,Drama,130,"[u'Christian Bale', u'Hugh Jackman', u'Scarlett Johansson']"
7.6,fried green tomatoes,PG-13,Drama,130,"[u'Kathy Bates', u'Jessica Tandy', u'Mary Stuart Masterson']"
7.6,enemy at the gates,R,Drama,131,"[u'Jude Law', u'Ed Harris', u'Joseph Fiennes']"
7.6,tell no one,UNRATED,Crime,131,"[u'Fran\xe7ois Cluzet', u'Marie-Jos\xe9e Croze', u'Andr\xe9 Dussollier']"
7.6,die hard: with a vengeance,R,Action,131,"[u'Bruce Willis', u'Jeremy Irons', u'Samuel L. Jackson']"
8.1,x-men: days of future past,PG-13,Action,131,"[u'Patrick Stewart', u'Ian McKellen', u'Hugh Jackman']"
7.6,the book thief,PG-13,Drama,131,"[u'Sophie N\xe9lisse', u'Geoffrey Rush', u'Emily Watson']"
7.6,the hurt locker,R,Drama,131,"[u'Jeremy Renner', u'Anthony Mackie', u'Brian Geraghty']"
7.8,the best offer,R,Crime,131,"[u'Geoffrey Rush', u'Jim Sturgess', u'Sylvia Hoeks']"
8.1,who's afraid of virginia woolf?,TV-MA,Drama,131,"[u'Elizabeth Taylor', u'Richard Burton', u'George Segal']"
7.7,the count of monte cristo,PG-13,Action,131,"[u'Jim Caviezel', u'Guy Pearce', u'Richard Harris']"
8.3,unforgiven,R,Western,131,"[u'Clint Eastwood', u'Gene Hackman', u'Morgan Freeman']"
7.7,sense and sensibility,PG,Drama,131,"[u'Emma Thompson', u'Kate Winslet', u'James Fleet']"
8.3,the wages of fear,NOT RATED,Adventure,131,"[u'Yves Montand', u'Charles Vanel', u'Peter van Eyck']"
8.3,die hard,R,Action,131,"[u'Bruce Willis', u'Alan Rickman', u'Bonnie Bedelia']"
8.1,million dollar baby,PG-13,Drama,132,"[u'Hilary Swank', u'Clint Eastwood', u'Morgan Freeman']"
8.1,memories of murder,UNRATED,Crime,132,"[u'Kang-ho Song', u'Sang-kyung Kim', u'Roe-ha Kim']"
7.8,star trek into darkness,PG-13,Action,132,"[u'Chris Pine', u'Zachary Quinto', u'Zoe Saldana']"
8.3,for a few dollars more,APPROVED,Western,132,"[u'Clint Eastwood', u'Lee Van Cleef', u'Gian Maria Volont\xe9']"
7.4,terms of endearment,R,Comedy,132,"[u'Shirley MacLaine', u'Debra Winger', u'Jack Nicholson']"
8.2,v for vendetta,R,Action,132,"[u'Hugo Weaving', u'Natalie Portman', u'Rupert Graves']"
7.8,x-men: first class,PG-13,Action,132,"[u'James McAvoy', u'Michael Fassbender', u'Jennifer Lawrence']"
8.0,brazil,R,Sci-Fi,132,"[u'Jonathan Pryce', u'Kim Greist', u'Robert De Niro']"
7.6,i am sam,PG-13,Drama,132,"[u'Sean Penn', u'Michelle Pfeiffer', u'Dakota Fanning']"
7.5,across the universe,PG-13,Drama,133,"[u'Evan Rachel Wood', u'Jim Sturgess', u'Joe Anderson']"
8.7,one flew over the cuckoo's nest,R,Drama,133,"[u'Jack Nicholson', u'Louise Fletcher', u'Michael Berryman']"
8.0,the blues brothers,R,Action,133,"[u'John Belushi', u'Dan Aykroyd', u'Cab Calloway']"
7.7,a very long engagement,R,Drama,133,"[u'Audrey Tautou', u'Gaspard Ulliel', u'Jodie Foster']"
8.0,rain man,R,Drama,133,"[u'Dustin Hoffman', u'Tom Cruise', u'Valeria Golino']"
7.5,legends of the fall,R,Drama,133,"[u'Brad Pitt', u'Anthony Hopkins', u'Aidan Quinn']"
7.5,quiz show,PG-13,Drama,133,"[u'Ralph Fiennes', u'John Turturro', u'Rob Morrow']"
8.1,in the name of the father,R,Biography,133,"[u'Daniel Day-Lewis', u'Pete Postlethwaite', u'Alison Crosbie']"
7.6,moneyball,PG-13,Biography,133,"[u'Brad Pitt', u'Robin Wright', u'Jonah Hill']"
8.4,star wars: episode vi - return of the jedi,PG,Action,134,"[u'Mark Hamill', u'Harrison Ford', u'Carrie Fisher']"
7.5,x2,PG-13,Action,134,"[u'Patrick Stewart', u'Hugh Jackman', u'Halle Berry']"
7.5,les miserables,PG-13,Crime,134,"[u'Liam Neeson', u'Geoffrey Rush', u'Uma Thurman']"
8.4,princess mononoke,PG-13,Animation,134,"[u'Y\xf4ji Matsuda', u'Yuriko Ishida', u'Y\xfbko Tanaka']"
8.1,12 years a slave,R,Biography,134,"[u'Chiwetel Ejiofor', u'Michael Kenneth Williams', u'Michael Fassbender']"
8.1,what ever happened to baby jane?,APPROVED,Drama,134,"[u'Bette Davis', u'Joan Crawford', u'Victor Buono']"
7.7,brokeback mountain,R,Drama,134,"[u'Jake Gyllenhaal', u'Heath Ledger', u'Michelle Williams']"
8.1,the hustler,UNRATED,Drama,134,"[u'Paul Newman', u'Jackie Gleason', u'Piper Laurie']"
7.7,lost highway,R,Drama,134,"[u'Bill Pullman', u'Patricia Arquette', u'John Roselius']"
7.9,the remains of the day,PG,Drama,134,"[u'Anthony Hopkins', u'Emma Thompson', u'John Haycraft']"
7.9,captain phillips,PG-13,Biography,134,"[u'Tom Hanks', u'Barkhad Abdi', u'Barkhad Abdirahman']"
7.7,fury,R,Action,134,"[u'Brad Pitt', u'Shia LaBeouf', u'Logan Lerman']"
8.1,sling blade,R,Drama,135,"[u'Billy Bob Thornton', u'Dwight Yoakam', u'J.T. Walsh']"
7.5,miracle,PG,Drama,135,"[u'Kurt Russell', u'Patricia Clarkson', u'Nathan West']"
8.2,a beautiful mind,PG-13,Biography,135,"[u'Russell Crowe', u'Ed Harris', u'Jennifer Connelly']"
7.5,the bridges of madison county,PG-13,Drama,135,"[u'Clint Eastwood', u'Meryl Streep', u'Annie Corley']"
7.9,the outlaw josey wales,PG,Western,135,"[u'Clint Eastwood', u'Sondra Locke', u'Chief Dan George']"
7.7,love actually,R,Comedy,135,"[u'Hugh Grant', u'Martine McCutcheon', u'Liam Neeson']"
7.6,the hunt for red october,PG,Action,135,"[u'Sean Connery', u'Alec Baldwin', u'Scott Glenn']"
7.7,25th hour,R,Crime,135,"[u'Edward Norton', u'Barry Pepper', u'Philip Seymour Hoffman']"
7.4,the rock,R,Action,136,"[u'Sean Connery', u'Nicolas Cage', u'Ed Harris']"
8.0,rosemary's baby,R,Drama,136,"[u'Mia Farrow', u'John Cassavetes', u'Ruth Gordon']"
7.8,captain america: the winter soldier,PG-13,Action,136,"[u'Chris Evans', u'Samuel L. Jackson', u'Scarlett Johansson']"
8.7,the matrix,R,Action,136,"[u'Keanu Reeves', u'Laurence Fishburne', u'Carrie-Anne Moss']"
8.4,a clockwork orange,X,Crime,136,"[u'Malcolm McDowell', u'Patrick Magee', u'Michael Bates']"
8.1,all quiet on the western front,UNRATED,Drama,136,"[u'Lew Ayres', u'Louis Wolheim', u'John Wray']"
8.0,secrets & lies,R,Drama,136,"[u'Timothy Spall', u'Brenda Blethyn', u'Phyllis Logan']"
7.6,little children,R,Drama,136,"[u'Kate Winslet', u'Jennifer Connelly', u'Patrick Wilson']"
7.9,walk the line,PG-13,Biography,136,"[u'Joaquin Phoenix', u'Reese Witherspoon', u'Ginnifer Goodwin']"
8.4,north by northwest,APPROVED,Adventure,136,"[u'Cary Grant', u'Eva Marie Saint', u'James Mason']"
7.6,a royal affair,R,Drama,137,"[u'Alicia Vikander', u'Mads Mikkelsen', u'Mikkel Boe F\xf8lsgaard']"
7.6,the fisher king,R,Comedy,137,"[u'Jeff Bridges', u'Robin Williams', u'Adam Bryant']"
8.0,kill bill: vol. 2,R,Action,137,"[u'Uma Thurman', u'David Carradine', u'Michael Madsen']"
8.0,furious 7,PG-13,Action,137,"[u'Vin Diesel', u'Paul Walker', u'Dwayne Johnson']"
8.5,the lives of others,R,Drama,137,"[u'Ulrich M\xfche', u'Martina Gedeck', u'Sebastian Koch']"
7.7,close encounters of the third kind,PG,Drama,137,"[u'Richard Dreyfuss', u'Fran\xe7ois Truffaut', u'Teri Garr']"
8.5,terminator 2: judgment day,R,Action,137,"[u'Arnold Schwarzenegger', u'Linda Hamilton', u'Edward Furlong']"
8.4,aliens,R,Action,137,"[u'Sigourney Weaver', u'Michael Biehn', u'Carrie Henn']"
8.3,l.a. confidential,R,Crime,138,"[u'Kevin Spacey', u'Russell Crowe', u'Guy Pearce']"
7.8,zulu,UNRATED,Drama,138,"[u'Stanley Baker', u'Jack Hawkins', u'Ulla Jacobsson']"
7.4,master and commander: the far side of the world,PG-13,Action,138,"[u'Russell Crowe', u'Paul Bettany', u'Billy Boyd']"
7.5,a perfect world,PG-13,Crime,138,"[u'Kevin Costner', u'Clint Eastwood', u'Laura Dern']"
8.0,mystic river,R,Crime,138,"[u'Sean Penn', u'Tim Robbins', u'Kevin Bacon']"
8.0,all the president's men,R,Drama,138,"[u'Dustin Hoffman', u'Robert Redford', u'Jack Warden']"
8.4,all about eve,APPROVED,Drama,138,"[u'Bette Davis', u'Anne Baxter', u'George Sanders']"
7.6,the natural,PG,Drama,138,"[u'Robert Redford', u'Robert Duvall', u'Glenn Close']"
7.6,a few good men,R,Drama,138,"[u'Tom Cruise', u'Jack Nicholson', u'Demi Moore']"
7.4,harry potter and the order of the phoenix,PG-13,Adventure,138,"[u'Daniel Radcliffe', u'Emma Watson', u'Rupert Grint']"
8.1,8 1/2,NOT RATED,Drama,138,"[u'Marcello Mastroianni', u'Anouk Aim\xe9e', u'Claudia Cardinale']"
8.1,sleuth,PG,Mystery,138,"[u'Laurence Olivier', u'Michael Caine', u'Alec Cawthorne']"
8.1,shutter island,R,Mystery,138,"[u'Leonardo DiCaprio', u'Emily Mortimer', u'Mark Ruffalo']"
7.8,mary poppins,APPROVED,Comedy,139,"[u'Julie Andrews', u'Dick Van Dyke', u'David Tomlinson']"
8.9,fight club,R,Drama,139,"[u'Brad Pitt', u'Edward Norton', u'Helena Bonham Carter']"
7.8,as good as it gets,PG-13,Comedy,139,"[u'Jack Nicholson', u'Helen Hunt', u'Greg Kinnear']"
8.2,incendies,R,Drama,139,"[u'Lubna Azabal', u'M\xe9lissa D\xe9sormeaux-Poulin', u'Maxim Gaudette']"
7.5,open range,R,Action,139,"[u'Kevin Costner', u'Robert Duvall', u'Diego Luna']"
7.8,apocalypto,R,Action,139,"[u'Gerardo Taracena', u'Raoul Trujillo', u'Dalia Hern\xe1ndez']"
7.6,the abyss,PG-13,Adventure,139,"[u'Ed Harris', u'Mary Elizabeth Mastrantonio', u'Michael Biehn']"
8.2,tae guk gi: the brotherhood of war,R,Action,140,"[u'Dong-gun Jang', u'Bin Won', u'Eun-ju Lee']"
8.0,dancer in the dark,R,Crime,140,"[u'Bj\xf6rk', u'Catherine Deneuve', u'David Morse']"
7.7,star wars: episode iii - revenge of the sith,PG-13,Action,140,"[u'Hayden Christensen', u'Natalie Portman', u'Ewan McGregor']"
7.7,la vie en rose,PG-13,Biography,140,"[u'Marion Cotillard', u'Sylvie Testud', u'Pascal Greggory']"
8.3,batman begins,PG-13,Action,140,"[u'Christian Bale', u'Michael Caine', u'Ken Watanabe']"
7.6,apollo 13,PG,Adventure,140,"[u'Tom Hanks', u'Bill Paxton', u'Kevin Bacon']"
8.2,warrior,PG-13,Drama,140,"[u'Tom Hardy', u'Nick Nolte', u'Joel Edgerton']"
7.4,excalibur,R,Adventure,140,"[u'Nigel Terry', u'Helen Mirren', u'Nicholas Clay']"
8.1,rio bravo,NOT RATED,Western,141,"[u'John Wayne', u'Dean Martin', u'Ricky Nelson']"
7.9,the killing fields,R,Drama,141,"[u'Sam Waterston', u'Haing S. Ngor', u'John Malkovich']"
7.6,jusan-nin no shikaku,R,Action,141,"[u'K\xf4ji Yakusho', u'Takayuki Yamada', u'Y\xfbsuke Iseya']"
7.8,i saw the devil,NOT RATED,Crime,141,"[u'Byung-hun Lee', u'Min-sik Choi', u'In-seo Kim']"
8.0,letters from iwo jima,R,Drama,141,"[u'Ken Watanabe', u'Kazunari Ninomiya', u'Tsuyoshi Ihara']"
7.5,the judge,R,Drama,141,"[u'Robert Downey Jr.', u'Robert Duvall', u'Vera Farmiga']"
7.8,changeling,R,Drama,141,"[u'Angelina Jolie', u'Colm Feore', u'Amy Ryan']"
7.9,mr. nobody,R,Drama,141,"[u'Jared Leto', u'Sarah Polley', u'Diane Kruger']"
8.0,catch me if you can,PG-13,Biography,141,"[u'Leonardo DiCaprio', u'Tom Hanks', u'Christopher Walken']"
7.7,la grande bellezza,NOT RATED,Drama,142,"[u'Toni Servillo', u'Carlo Verdone', u'Sabrina Ferilli']"
8.8,forrest gump,PG-13,Drama,142,"[u'Tom Hanks', u'Robin Wright', u'Gary Sinise']"
7.8,harry potter and the prisoner of azkaban,PG,Adventure,142,"[u'Daniel Radcliffe', u'Emma Watson', u'Rupert Grint']"
9.3,the shawshank redemption,R,Crime,142,"[u'Tim Robbins', u'Morgan Freeman', u'Bob Gunton']"
8.2,the avengers,PG-13,Action,143,"[u'Robert Downey Jr.', u'Chris Evans', u'Scarlett Johansson']"
7.8,the day of the jackal,PG,Crime,143,"[u'Edward Fox', u'Terence Alexander', u'Michel Auclair']"
8.1,pirates of the caribbean: the curse of the black pearl,PG-13,Adventure,143,"[u'Johnny Depp', u'Geoffrey Rush', u'Orlando Bloom']"
7.5,babel,R,Drama,143,"[u'Brad Pitt', u'Cate Blanchett', u'Gael Garc\xeda Bernal']"
7.7,cast away,PG-13,Adventure,143,"[u'Tom Hanks', u'Helen Hunt', u'Paul Sanchez']"
7.6,chaplin,PG-13,Biography,143,"[u'Robert Downey Jr.', u'Geraldine Chaplin', u'Paul Rhys']"
8.3,ikiru,NOT RATED,Drama,143,"[u'Takashi Shimura', u'Nobuo Kaneko', u""Shin'ichi Himori""]"
7.8,skyfall,PG-13,Action,143,"[u'Daniel Craig', u'Javier Bardem', u'Naomie Harris']"
8.0,blood diamond,R,Adventure,143,"[u'Leonardo DiCaprio', u'Djimon Hounsou', u'Jennifer Connelly']"
7.5,devil's advocate,R,Drama,144,"[u'Keanu Reeves', u'Al Pacino', u'Charlize Theron']"
7.7,kelly's heroes,GP,Action,144,"[u'Clint Eastwood', u'Telly Savalas', u'Don Rickles']"
8.0,cinderella man,PG-13,Biography,144,"[u'Russell Crowe', u'Ren\xe9e Zellweger', u'Craig Bierko']"
7.8,the white ribbon,R,Drama,144,"[u'Christian Friedel', u'Ernst Jacobi', u'Leonie Benesch']"
7.6,the hobbit: the battle of the five armies,PG-13,Adventure,144,"[u'Ian McKellen', u'Martin Freeman', u'Richard Armitage']"
8.0,casino royale,PG-13,Action,144,"[u'Daniel Craig', u'Eva Green', u'Judi Dench']"
7.7,black hawk down,R,Drama,144,"[u'Josh Hartnett', u'Ewan McGregor', u'Tom Sizemore']"
7.9,carlito's way,R,Crime,144,"[u'Al Pacino', u'Sean Penn', u'Penelope Ann Miller']"
7.7,minority report,PG-13,Action,145,"[u'Tom Cruise', u'Colin Farrell', u'Samantha Morton']"
7.8,black book,R,Drama,145,"[u'Carice van Houten', u'Sebastian Koch', u'Thom Hoffman']"
8.1,the wild bunch,R,Action,145,"[u'William Holden', u'Ernest Borgnine', u'Robert Ryan']"
7.6,jin ling shi san chai,R,Drama,146,"[u'Christian Bale', u'Ni Ni', u'Xinyi Zhang']"
7.7,harry potter and the deathly hallows: part 1,PG-13,Adventure,146,"[u'Daniel Radcliffe', u'Emma Watson', u'Rupert Grint']"
7.8,man on fire,R,Action,146,"[u'Denzel Washington', u'Christopher Walken', u'Dakota Fanning']"
8.5,the shining,R,Horror,146,"[u'Jack Nicholson', u'Shelley Duvall', u'Danny Lloyd']"
8.7,goodfellas,R,Biography,146,"[u'Robert De Niro', u'Ray Liotta', u'Joe Pesci']"
7.6,the hurricane,R,Biography,146,"[u'Denzel Washington', u'Vicellous Reon Shannon', u'Deborah Kara Unger']"
7.7,the hunger games: catching fire,PG-13,Adventure,146,"[u'Jennifer Lawrence', u'Josh Hutcherson', u'Liam Hemsworth']"
8.1,the help,PG-13,Drama,146,"[u'Emma Stone', u'Viola Davis', u'Octavia Spencer']"
7.5,perfume: the story of a murderer,R,Crime,147,"[u'Ben Whishaw', u'Dustin Hoffman', u'Alan Rickman']"
7.7,traffic,R,Crime,147,"[u'Michael Douglas', u'Benicio Del Toro', u'Catherine Zeta-Jones']"
7.5,sleepers,R,Crime,147,"[u'Robert De Niro', u'Kevin Bacon', u'Brad Pitt']"
8.1,"paris, texas",R,Drama,147,"[u'Harry Dean Stanton', u'Nastassja Kinski', u'Dean Stockwell']"
8.0,mulholland dr.,R,Drama,147,"[u'Naomi Watts', u'Laura Harring', u'Justin Theroux']"
8.8,inception,PG-13,Action,148,"[u'Leonardo DiCaprio', u'Joseph Gordon-Levitt', u'Ellen Page']"
8.2,into the wild,R,Adventure,148,"[u'Emile Hirsch', u'Vince Vaughn', u'Catherine Keener']"
7.5,biutiful,R,Drama,148,"[u'Javier Bardem', u'Maricel \xc1lvarez', u'Hanaa Bouchaib']"
8.4,das boot,R,Adventure,149,"[u'J\xfcrgen Prochnow', u'Herbert Gr\xf6nemeyer', u'Klaus Wennemann']"
8.2,gone girl,R,Drama,149,"[u'Ben Affleck', u'Rosamund Pike', u'Neil Patrick Harris']"
8.1,the raid 2,R,Action,150,"[u'Iko Uwais', u'Yayan Ruhian', u'Arifin Putra']"
8.5,the pianist,R,Biography,150,"[u'Adrien Brody', u'Thomas Kretschmann', u'Frank Finlay']"
7.4,lincoln,PG-13,Biography,150,"[u'Daniel Day-Lewis', u'Sally Field', u'David Strathairn']"
7.7,sophie's choice,R,Drama,150,"[u'Meryl Streep', u'Kevin Kline', u'Peter MacNicol']"
7.8,the dirty dozen,NOT RATED,Action,150,"[u'Lee Marvin', u'Ernest Borgnine', u'Charles Bronson']"
8.5,the departed,R,Crime,151,"[u'Leonardo DiCaprio', u'Matt Damon', u'Jack Nicholson']"
8.1,papillon,R,Biography,151,"[u'Steve McQueen', u'Dustin Hoffman', u'Victor Jory']"
8.3,barfi!,NOT RATED,Adventure,151,"[u'Ranbir Kapoor', u'Priyanka Chopra', u'Ileana']"
7.8,ray,PG-13,Biography,152,"[u'Jamie Foxx', u'Regina King', u'Kerry Washington']"
7.7,lolita,NOT RATED,Drama,152,"[u'James Mason', u'Shelley Winters', u'Sue Lyon']"
9.0,the dark knight,PG-13,Action,152,"[u'Christian Bale', u'Heath Ledger', u'Aaron Eckhart']"
7.8,the girl with the dragon tattoo,R,Crime,152,"[u'Michael Nyqvist', u'Noomi Rapace', u'Ewa Fr\xf6ling']"
7.6,west side story,UNRATED,Crime,152,"[u'Natalie Wood', u'George Chakiris', u'Richard Beymer']"
7.5,harry potter and the sorcerer's stone,PG,Adventure,152,"[u'Daniel Radcliffe', u'Rupert Grint', u'Richard Harris']"
7.8,empire of the sun,PG,Drama,153,"[u'Christian Bale', u'John Malkovich', u'Miranda Richardson']"
7.5,harry potter and the half-blood prince,PG,Adventure,153,"[u'Daniel Radcliffe', u'Emma Watson', u'Rupert Grint']"
8.3,inglourious basterds,R,Adventure,153,"[u'Brad Pitt', u'Diane Kruger', u'Eli Roth']"
8.3,metropolis,NOT RATED,Drama,153,"[u'Brigitte Helm', u'Alfred Abel', u'Gustav Fr\xf6hlich']"
8.1,prisoners,R,Crime,153,"[u'Hugh Jackman', u'Jake Gyllenhaal', u'Viola Davis']"
8.5,apocalypse now,R,Drama,153,"[u'Martin Sheen', u'Marlon Brando', u'Robert Duvall']"
7.8,the color purple,PG-13,Drama,154,"[u'Danny Glover', u'Whoopi Goldberg', u'Oprah Winfrey']"
7.5,jackie brown,R,Crime,154,"[u'Pam Grier', u'Samuel L. Jackson', u'Robert Forster']"
8.1,amores perros,R,Drama,154,"[u'Emilio Echevarr\xeda', u'Gael Garc\xeda Bernal', u'Goya Toledo']"
8.9,pulp fiction,R,Crime,154,"[u'John Travolta', u'Uma Thurman', u'Samuel L. Jackson']"
7.7,the last samurai,R,Action,154,"[u'Tom Cruise', u'Ken Watanabe', u'Billy Connolly']"
7.9,boogie nights,R,Drama,155,"[u'Mark Wahlberg', u'Julianne Moore', u'Burt Reynolds']"
8.5,cinema paradiso,R,Drama,155,"[u'Philippe Noiret', u'Enzo Cannavale', u'Antonella Attili']"
8.5,gladiator,R,Action,155,"[u'Russell Crowe', u'Joaquin Phoenix', u'Connie Nielsen']"
7.9,a prophet,R,Crime,155,"[u'Tahar Rahim', u'Niels Arestrup', u'Adel Bencherif']"
8.0,scent of a woman,R,Drama,156,"[u'Al Pacino', u""Chris O'Donnell"", u'James Rebhorn']"
8.4,munna bhai m.b.b.s.,NOT RATED,Comedy,156,"[u'Sunil Dutt', u'Sanjay Dutt', u'Arshad Warsi']"
8.3,downfall,R,Biography,156,"[u'Bruno Ganz', u'Alexandra Maria Lara', u'Ulrich Matthes']"
7.8,american gangster,R,Biography,157,"[u'Denzel Washington', u'Russell Crowe', u'Chiwetel Ejiofor']"
8.4,rang de basanti,NOT RATED,Drama,157,"[u'Aamir Khan', u'Soha Ali Khan', u'Siddharth']"
7.6,harry potter and the goblet of fire,PG-13,Adventure,157,"[u'Daniel Radcliffe', u'Emma Watson', u'Rupert Grint']"
7.9,the insider,R,Biography,157,"[u'Russell Crowe', u'Al Pacino', u'Christopher Plummer']"
7.6,"lust, caution",NC-17,Drama,157,"[u'Tony Chiu Wai Leung', u'Wei Tang', u'Joan Chen']"
7.7,zodiac,R,Crime,157,"[u'Jake Gyllenhaal', u'Robert Downey Jr.', u'Mark Ruffalo']"
7.4,zero dark thirty,R,Drama,157,"[u'Jessica Chastain', u'Joel Edgerton', u'Chris Pratt']"
7.9,the girl with the dragon tattoo,R,Crime,158,"[u'Daniel Craig', u'Rooney Mara', u'Christopher Plummer']"
7.7,les miserables,PG-13,Drama,158,"[u'Hugh Jackman', u'Russell Crowe', u'Anne Hathaway']"
8.1,there will be blood,R,Drama,158,"[u'Daniel Day-Lewis', u'Paul Dano', u'Ciar\xe1n Hinds']"
7.7,where eagles dare,,Action,158,"[u'Richard Burton', u'Clint Eastwood', u'Mary Ure']"
7.9,breaking the waves,R,Drama,159,"[u'Emily Watson', u'Stellan Skarsg\xe5rd', u'Katrin Cartlidge']"
8.1,anatomy of a murder,UNRATED,Crime,160,"[u'James Stewart', u'Lee Remick', u'Ben Gazzara']"
7.6,the assassination of jesse james by the coward robert ford,R,Biography,160,"[u'Brad Pitt', u'Casey Affleck', u'Sam Shepard']"
8.3,2001: a space odyssey,G,Mystery,160,"[u'Keir Dullea', u'Gary Lockwood', u'William Sylvester']"
8.4,amadeus,R,Biography,160,"[u'F. Murray Abraham', u'Tom Hulce', u'Elizabeth Berridge']"
8.3,the bridge on the river kwai,PG,Adventure,161,"[u'William Holden', u'Alec Guinness', u'Jack Hawkins']"
8.9,"the good, the bad and the ugly",NOT RATED,Western,161,"[u'Clint Eastwood', u'Eli Wallach', u'Lee Van Cleef']"
8.0,the hobbit: the desolation of smaug,PG-13,Adventure,161,"[u'Ian McKellen', u'Martin Freeman', u'Richard Armitage']"
7.6,watchmen,R,Action,162,"[u'Jackie Earle Haley', u'Patrick Wilson', u'Carla Gugino']"
8.3,ran,R,Action,162,"[u'Tatsuya Nakadai', u'Akira Terao', u'Jinpachi Nezu']"
7.9,avatar,PG-13,Action,162,"[u'Sam Worthington', u'Zoe Saldana', u'Sigourney Weaver']"
7.4,the english patient,R,Drama,162,"[u'Ralph Fiennes', u'Juliette Binoche', u'Willem Dafoe']"
7.6,the godfather: part iii,R,Crime,162,"[u'Al Pacino', u'Diane Keaton', u'Andy Garcia']"
8.2,stalker,NOT RATED,Drama,163,"[u'Alisa Freyndlikh', u'Aleksandr Kaydanovskiy', u'Anatoliy Solonitsyn']"
7.8,the last emperor,PG-13,Biography,163,"[u'John Lone', u'Joan Chen', u""Peter O'Toole""]"
7.6,munich,R,Drama,164,"[u'Eric Bana', u'Daniel Craig', u'Marie-Jos\xe9e Croze']"
7.6,the last temptation of christ,R,Drama,164,"[u'Willem Dafoe', u'Harvey Keitel', u'Barbara Hershey']"
8.5,the dark knight rises,PG-13,Action,165,"[u'Christian Bale', u'Tom Hardy', u'Anne Hathaway']"
8.0,my name is khan,PG-13,Drama,165,"[u'Shah Rukh Khan', u'Kajol', u'Sheetal Menon']"
8.5,taare zameen par,PG,Drama,165,"[u'Darsheel Safary', u'Aamir Khan', u'Tanay Chheda']"
8.5,django unchained,R,Western,165,"[u'Jamie Foxx', u'Christoph Waltz', u'Leonardo DiCaprio']"
8.1,la leggenda del pianista sull'oceano,R,Drama,165,"[u'Tim Roth', u'Pruitt Taylor Vince', u'Bill Nunn']"
8.1,boyhood,R,Drama,165,"[u'Ellar Coltrane', u'Patricia Arquette', u'Ethan Hawke']"
7.8,the curious case of benjamin button,PG-13,Drama,166,"[u'Brad Pitt', u'Cate Blanchett', u'Tilda Swinton']"
8.2,underground,NOT RATED,Comedy,167,"[u'Predrag Manojlovic', u'Lazar Ristovski', u'Mirjana Jokovic']"
8.1,solaris,PG,Drama,167,"[u'Natalya Bondarchuk', u'Donatas Banionis', u'J\xfcri J\xe4rvet']"
7.5,gangs of new york,R,Crime,167,"[u'Leonardo DiCaprio', u'Cameron Diaz', u'Daniel Day-Lewis']"
7.7,the big blue,PG-13,Action,168,"[u'Jean-Marc Barr', u'Jean Reno', u'Rosanna Arquette']"
8.0,the hobbit: an unexpected journey,PG-13,Adventure,169,"[u'Martin Freeman', u'Ian McKellen', u'Richard Armitage']"
8.7,interstellar,PG-13,Adventure,169,"[u'Matthew McConaughey', u'Anne Hathaway', u'Jessica Chastain']"
8.6,saving private ryan,R,Action,169,"[u'Tom Hanks', u'Matt Damon', u'Tom Sizemore']"
7.6,the thin red line,R,Drama,170,"[u'Jim Caviezel', u'Sean Penn', u'Nick Nolte']"
7.9,my fair lady,APPROVED,Drama,170,"[u'Audrey Hepburn', u'Rex Harrison', u'Stanley Holloway']"
8.3,heat,R,Action,170,"[u'Al Pacino', u'Robert De Niro', u'Val Kilmer']"
7.5,the aviator,PG-13,Biography,170,"[u'Leonardo DiCaprio', u'Cate Blanchett', u'Kate Beckinsale']"
8.3,scarface,R,Crime,170,"[u'Al Pacino', u'Michelle Pfeiffer', u'Steven Bauer']"
8.5,3 idiots,PG-13,Comedy,170,"[u'Aamir Khan', u'Madhavan', u'Mona Singh']"
8.2,the best years of our lives,PASSED,Drama,172,"[u'Fredric March', u'Dana Andrews', u'Myrna Loy']"
7.5,cloud atlas,R,Drama,172,"[u'Tom Hanks', u'Halle Berry', u'Hugh Grant']"
8.0,patton,GP,Biography,172,"[u'George C. Scott', u'Karl Malden', u'Stephen Young']"
8.3,the great escape,UNRATED,Adventure,172,"[u'Steve McQueen', u'James Garner', u'Richard Attenborough']"
8.0,the sound of music,G,Biography,174,"[u'Julie Andrews', u'Christopher Plummer', u'Eleanor Parker']"
8.1,la dolce vita,NOT RATED,Comedy,174,"[u'Marcello Mastroianni', u'Anita Ekberg', u'Anouk Aim\xe9e']"
9.2,the godfather,R,Crime,175,"[u'Marlon Brando', u'Al Pacino', u'James Caan']"
8.6,once upon a time in the west,PG-13,Western,175,"[u'Henry Fonda', u'Charles Bronson', u'Claudia Cardinale']"
7.4,a bridge too far,PG,Drama,175,"[u'Sean Connery', u""Ryan O'Neal"", u'Michael Caine']"
8.4,braveheart,R,Action,177,"[u'Mel Gibson', u'Sophie Marceau', u'Patrick McGoohan']"
8.8,the lord of the rings: the fellowship of the ring,PG-13,Adventure,178,"[u'Elijah Wood', u'Ian McKellen', u'Orlando Bloom']"
8.2,casino,R,Biography,178,"[u'Robert De Niro', u'Sharon Stone', u'Joe Pesci']"
7.8,the longest day,G,Action,178,"[u'John Wayne', u'Robert Ryan', u'Richard Burton']"
8.0,dogville,R,Crime,178,"[u'Nicole Kidman', u'Paul Bettany', u'Lauren Bacall']"
7.9,blue is the warmest color,NC-17,Drama,179,"[u'L\xe9a Seydoux', u'Ad\xe8le Exarchopoulos', u'Salim Kechiouche']"
8.8,the lord of the rings: the two towers,PG-13,Adventure,179,"[u'Elijah Wood', u'Ian McKellen', u'Viggo Mortensen']"
8.2,the wolf of wall street,R,Biography,180,"[u'Leonardo DiCaprio', u'Jonah Hill', u'Margot Robbie']"
8.4,dilwale dulhania le jayenge,NOT RATED,Comedy,181,"[u'Shah Rukh Khan', u'Kajol', u'Amrish Puri']"
8.0,dances with wolves,PG-13,Adventure,181,"[u'Kevin Costner', u'Mary McDonnell', u'Graham Greene']"
8.0,fiddler on the roof,G,Drama,181,"[u'Topol', u'Norma Crane', u'Leonard Frey']"
8.2,the deer hunter,R,Drama,182,"[u'Robert De Niro', u'Christopher Walken', u'John Cazale']"
8.3,dil chahta hai,NOT RATED,Comedy,183,"[u'Aamir Khan', u'Saif Ali Khan', u'Akshaye Khanna']"
8.1,barry lyndon,PG,Adventure,184,"[u""Ryan O'Neal"", u'Marisa Berenson', u'Patrick Magee']"
8.3,judgment at nuremberg,NOT RATED,Drama,186,"[u'Spencer Tracy', u'Burt Lancaster', u'Richard Widmark']"
7.7,short cuts,R,Comedy,187,"[u'Andie MacDowell', u'Julianne Moore', u'Tim Robbins']"
8.0,magnolia,R,Drama,188,"[u'Tom Cruise', u'Jason Robards', u'Julianne Moore']"
8.2,fanny and alexander,R,Drama,188,"[u'Bertil Guve', u'Pernilla Allwin', u'Kristina Adolphson']"
8.4,swades,NOT RATED,Drama,189,"[u'Shah Rukh Khan', u'Gayatri Joshi', u'Kishori Balal']"
8.0,jfk,R,Drama,189,"[u'Kevin Costner', u'Gary Oldman', u'Jack Lemmon']"
8.5,the green mile,R,Crime,189,"[u'Tom Hanks', u'Michael Clarke Duncan', u'David Morse']"
7.7,grindhouse,R,Action,191,"[u'Kurt Russell', u'Rose McGowan', u'Danny Trejo']"
8.1,gandhi,PG,Biography,191,"[u'Ben Kingsley', u'John Gielgud', u'Candice Bergen']"
7.9,the right stuff,R,Adventure,193,"[u'Sam Shepard', u'Scott Glenn', u'Ed Harris']"
7.7,titanic,PG-13,Drama,194,"[u'Leonardo DiCaprio', u'Kate Winslet', u'Billy Zane']"
8.9,schindler's list,R,Biography,195,"[u'Liam Neeson', u'Ralph Fiennes', u'Ben Kingsley']"
8.0,spartacus,PG-13,Action,197,"[u'Kirk Douglas', u'Laurence Olivier', u'Jean Simmons']"
8.0,doctor zhivago,PG-13,Drama,197,"[u'Omar Sharif', u'Julie Christie', u'Geraldine Chaplin']"
9.1,the godfather: part ii,R,Crime,200,"[u'Al Pacino', u'Robert De Niro', u'Robert Duvall']"
8.9,the lord of the rings: the return of the king,PG-13,Adventure,201,"[u'Elijah Wood', u'Viggo Mortensen', u'Ian McKellen']"
7.7,malcolm x,PG-13,Biography,202,"[u'Denzel Washington', u'Angela Bassett', u'Delroy Lindo']"
7.6,"it's a mad, mad, mad, mad world",APPROVED,Action,205,"[u'Spencer Tracy', u'Milton Berle', u'Ethel Merman']"
8.7,seven samurai,UNRATED,Drama,207,"[u'Toshir\xf4 Mifune', u'Takashi Shimura', u'Keiko Tsushima']"
8.1,ben-hur,G,Adventure,212,"[u'Charlton Heston', u'Jack Hawkins', u'Stephen Boyd']"
8.4,lawrence of arabia,PG,Adventure,216,"[u""Peter O'Toole"", u'Alec Guinness', u'Anthony Quinn']"
7.9,the ten commandments,APPROVED,Adventure,220,"[u'Charlton Heston', u'Yul Brynner', u'Anne Baxter']"
8.3,lagaan: once upon a time in india,PG,Adventure,224,"[u'Aamir Khan', u'Gracy Singh', u'Rachel Shelley']"
8.4,once upon a time in america,R,Crime,229,"[u'Robert De Niro', u'James Woods', u'Elizabeth McGovern']"
8.2,gone with the wind,G,Drama,238,"[u'Clark Gable', u'Vivien Leigh', u'Thomas Mitchell']"
7.8,hamlet,PG-13,Drama,242,"[u'Kenneth Branagh', u'Julie Christie', u'Derek Jacobi']"
